content,category
"“Bà Phương Hằng bị kiện đòi bồi thường 1.000 tỉ đồng vì nội dung livestream. TTO - TAND quận 1, TP.HCM vừa thụ lý vụ tranh chấp bồi thường thiệt hại ngoài hợp đồng giữa nguyên đơn Lê Thị Giàu - chủ tịch HĐQT Công ty CP Thực phẩm Bình Tây - và bị đơn Nguyễn Phương Hằng - chủ tịch HĐQT Công ty CP Đại Nam.
Trước đó, bà Phương Hằng từng nhiều lần livestream nói chuyện, chia sẻ trên trang cá nhân hoặc trên các fanpage. Các buổi livestream của bà Hằng thu hút rất nhiều lượt xem, quan tâm và gây ra nhiều tranh cãi trong dư luận xã hội.
Mới đây, ngày 14-5, bà Phương Hằng đã livestream ""gọi tên"" bà Lê Thị Giàu và chùa Phước Sơn. Ngay sau đó, bà Giàu đã làm đơn khởi kiện bà Nguyễn Phương Hằng ra TAND quận 1. Hiện vụ việc đã được TAND quận 1 thụ lý, giải quyết.
Trong đơn khởi kiện, bà Giàu cho biết năm 2017 bà có quan hệ quen biết với bà Hằng khi đến viếng chùa Phước Sơn thiền viện tại huyện Long Thành, tỉnh Đồng Nai.
Bà Giàu cho rằng bà và bà Hằng không có quan hệ làm ăn, không phải là bạn bè, nhưng thời gian này bà Hằng thường nhắn tin cho bà với lời lẽ xúc phạm, mang tính đe dọa, bà đã lập vi bằng về các tin nhắn này.
Đến ngày 14-5-2021, bà Phương Hằng livestream trực tiếp nói chuyện với chủ đề công bố động trời về Lê Thị Giàu và sư thầy Bửu Chánh.
Bà Giàu cho rằng bà Phương Hằng đã xúc phạm danh dự, uy tín của bà khi bịa đặt, vu khống bà ""ép bức sư Bửu Chánh - trụ trì chùa Phước Sơn - trả lại tiền và xe cho bà Hằng"", ""thùng tiền công đức của chùa do bà Giàu quản lý"", ""bà Giàu là ""doanh nhân siêu lừa đảo"", hung dữ, mua tượng Phật và hoa không trả tiền"".Đặc biệt là bà Hằng xúc phạm uy tín thương hiệu Mì lá bồ đề, dầu Nhị thiên đường do bà Giàu làm chủ, đang hoạt động là thương hiệu đểu, chứng nhận giả.
""Suốt thời gian qua, bà Hằng xuất hiện liên tục trên các trang mạng xã hội, phát biểu thiếu chuẩn mực, chửi bới tục tĩu, xúc phạm giới văn nghệ sĩ khiến dư luận xã hội bất bình và lên án mạnh mẽ. Hôm nay, tôi là nạn nhân của bà Hằng, tôi vô cùng bức xúc và phẫn nộ trước hành vi bịa đặt, vu khống, xúc phạm nghiêm trọng đến danh dự, uy tín, nhân phẩm của tôi và thương hiệu sản phẩm của tôi"" - bà Giàu nêu.
Từ đó, bà Lê Thị Giàu đã khởi kiện, yêu cầu TAND quận 1 buộc bà Nguyễn Phương Hằng chấm dứt ngay hành vi xúc phạm danh dự, uy tín của bà, buộc bà Hằng gỡ bài nói về bà, công khai xin lỗi và cải chính trên mạng YouTube.
Đồng thời, bà Giàu cũng yêu cầu tòa án buộc bà Nguyễn Phương Hằng bồi thường tổn thất vật chất và tinh thần cho bà với số tiền 1.000 tỉ đồng.”",Phương Hằng
"""Bà Phương Hằng cam kết thôi, không livestream tối nay
Trả lời Tuổi Trẻ Online sáng 29-5, ông Lưu Đình Phúc - cục trưởng Cục Phát thanh truyền hình và thông tin điện tử (Bộ Thông tin và truyền thông) - xác nhận ông đã trao đổi với Sở Thông tin và truyền thông TP.HCM để xử lý vụ việc bà Phương Hằng gần đây livestream ""thóa mạ, chửi bới"" một số cá nhân, nghệ sĩ.
Ông Phúc cho biết Sở Thông tin và truyền thông TP.HCM đã làm việc sơ bộ với phía bà Phương Hằng và ""họ cam kết thôi không livestream"".
Trước đó, Sở Thông tin và truyền thông TP.HCM nhận được văn bản từ Hội Nghệ sĩ sân khấu TP.HCM phản ánh việc bà Phương Hằng gần đây liên tục livestream xúc phạm, thóa mạ nhiều nghệ sĩ thuộc hội, ngày 28-5 - đồng thời với việc trao đổi Sở Thông tin và truyền thông TP.HCM làm việc với phía bà Phương Hằng yêu cầu dừng livestream thóa mạ, xúc phạm nhân phẩm các cá nhân - Bộ Thông tin và truyền thông cũng đã có văn bản đề nghị các tỉnh, thành tăng cường công tác quản lý, xử lý với các đối tượng livestream xúc phạm danh dự, nhân phẩm của các tổ chức, cá nhân khác, sử dụng ngôn ngữ phản cảm, vi phạm thuần phong mỹ tục.
Nói về việc livestream gần đây của bà Phương Hằng, ông Lưu Đình Phúc khẳng định những thông tin bà đưa ra ""đúng sai thì pháp luật còn phải xác minh"", nhưng không thể nào cứ tiếp diễn việc một cá nhân thoải mái lên diễn đàn mạng để thóa mạ, chửi bới người khác, việc này ""là không chấp nhận được"".”",Phương Hằng
"“Bà Phương Hằng ""hứa sẽ trở lại vào tuần sau"".
Trước đó, ngày 28-5, trên fanpage Trường Đua Đại Nam Official đã có thông báo về lần livestream tiếp theo của bà Phương Hằng sẽ diễn ra vào tối nay, 29-5.
Tuy nhiên, sáng nay, 29-5, trên trang fanpage này đăng thông báo bà Phương Hằng sẽ không livestream hôm nay và hứa sẽ trở lại vào tuần sau ""vì lý do sức khỏe"". Thông báo viết:
""Chúc quý vị một ngày mới thật bình an và hạnh phúc!
Phương Hằng tôi rất xin lỗi, buổi livestream tối nay sẽ dừng lại, vì tôi bị bệnh hai hôm nay. Khi nào khỏi bệnh tôi sẽ thông báo để trực tuyến cùng quý vị.
Tôi biết quý vị đã rất mong chờ gặp tôi, tôi biết quý vị rất yêu mến tôi, nhưng tôi rất xin lỗi quý vị, vì tôi không khỏe. Quý vị thông cảm và luôn yêu mến tôi nhé. Tôi hứa sẽ trở lại vào tuần sau, và sẽ thông báo đến quý vị!
Tôi cảm ơn và chúc quý vị thật nhiều sức khỏe! Mong gặp lại quý vị sớm nhất"".”",Phương Hằng
"“Đàm Vĩnh Hưng 'đáp trả' bà Nguyễn Phương Hằng: 'Chị đang đánh mất mình từng ngày, từng ngày'.
TTO - Đàm Vĩnh Hưng vừa có những phát ngôn trên trang cá nhân về mối quan hệ với doanh nhân Nguyễn Phương Hằng, sau khi người này nói ca sĩ 'đua đòi mua trả góp kim cương để thể hiện' khi livestream.
Chiều 30-4, ca sĩ Đàm Vĩnh Hưng đăng tải dòng trạng thái dài đề cập tới mối quan hệ giữa anh và doanh nhân Nguyễn Phương Hằng - vợ ông Huỳnh Uy Dũng, tức Dũng ""lò vôi"".
Qua đó, Đàm Vĩnh Hưng cho biết trong các dòng trạng thái gần đây không có nội dung nào nhắc tới bà Nguyễn Phương Hằng, mà tất cả đều là những câu chuyện, tâm trạng cá nhân của riêng ca sĩ.
Anh khẳng định vụ việc của bà Hằng với bất kỳ ai trong ngành giải trí gần đây không liên quan đến mình. Còn bà Hằng khi livestream lại cho rằng Đàm Vĩnh Hưng nói mình ""kém sang"" trên mạng xã hội.
""Đàm Vĩnh Hưng em đâu lạ gì chị. Nhiều khi thấy chị nói Hoài Linh em cũng đau lòng lắm nên em không kêu thẳng mặt chị ra chửi, mà em nói chị 'kém sang'.
Tôi với Đàm Vĩnh Hưng có chung sở thích kim cương, nhưng tôi sang hơn Đàm Vĩnh Hưng là tôi mua xong tôi trả tiền mặt. Còn Đàm Vĩnh Hưng thì mua trả góp.
Khổ vậy đó. Cũng đam mê, cũng đua đòi, cũng ráng cố gắng cho thiên hạ thấy mình là ca sĩ nổi tiếng nên đeo hột. Một tháng trả góp hai, ba nghìn đô, mua đeo lòa thiên hạ trước rồi trả góp thì tính sau"", bà Nguyễn Phương Hằng nói khi livestream.
Đàm Vĩnh Hưng tỏ ra rất bức xúc trước những nội dung bà Nguyễn Phương Hằng nói trên. Ca sĩ đăng tải dòng trạng thái trên mạng xã hội:
""Vâng, em nghèo nên em phấn đấu theo cách của người nghèo. Em có góp hay không thì cũng là tiền em đánh đổi bằng mồ hôi và sức lực của em hằng đêm.
Khi em báo lương hát cho chị, chị cũng mặc cả trả giá 5 lần 7 lượt mới chịu mà chị? Em cũng không lấy không tiền của chị Hằng hay phải đi cướp giật của ai để phục vụ đam mê hột xoàn của mình.
Chị là người cũng đi lên từ nghèo khó mà chị Hằng? Sao hôm nay lại vội quên và khinh người quá vậy chị Hằng? Mà khinh ai? Khinh một đứa em, khinh một người nghèo hơn mình thì chị thấy có đáng với danh phận và địa vị của một Nguyễn Phương Hằng tài năng, giỏi giang, giàu có không?
Chị đang đánh mất mình từng ngày, từng ngày! Mục đích cao đẹp của chị là đã khiến người đàn ông kia thân bại danh liệt chị đã làm xong! Bây giờ chị đang muốn gì nữa chị Hằng ơi? Chị hãy ngưng ngay ý nghĩ thay trời hành đạo và tự đưa mình lên cao quá"", Đàm Vĩnh Hưng viết.
Hiện tại, vụ việc vẫn đang thu hút sự quan tâm của dân mạng trên mạng xã hội.”",Phương Hằng
"“Bà Nguyễn Phương Hằng bị phạt 7,5 triệu đồng vì thông tin sai sự thật
TTO - Bà Nguyễn Phương Hằng, vợ ông Dũng ""lò vôi"", bị Thanh tra Sở Thông tin và truyền thông TP.HCM xử phạt do thông tin sai sự thật việc tỉnh Bình Thuận bao che cho ông Võ Hoàng Yên.
Ngày 16-4, đại diện Sở Thông tin và truyền thông TP.HCM xác nhận thanh tra sở này vừa ra quyết định xử phạt vi phạm hành chính đối với bà Nguyễn Phương Hằng (50 tuổi, vợ ông Dũng ""lò vôi"", ngụ phường Bến Nghé, quận 1, TP.HCM), số tiền 7,5 triệu đồng.
Trước đó, ngày 4-3, tại phường Võ Thị Sáu, quận 3, TP.HCM, bà Hằng là chủ thể cung cấp thông tin trong clip ""Bà Nguyễn Phương Hằng tiết lộ nguyên nhân phát hiện ra ông Võ Hoàng Yên lừa mình sau nhiều năm"" trên tài khoản YouTube Hoa Lệ Sài Gòn.
Theo nội dung clip, bà Hằng cho rằng ông Võ Hoàng Yên hoạt động chữa bệnh tại tỉnh Bình Thuận là do có sự bao che.
Thông tin này được xác định là sai sự thật, xúc phạm danh dự, uy tín của UBND tỉnh Bình Thuận và chủ tịch UBND tỉnh Bình Thuận. Hành vi của bà Hằng vi phạm khoản d, điểm 1 điều 5 Nghị định 72/2013 về quản lý, cung cấp, sử dụng dịch vụ Internet và thông tin trên mạng.
Thanh tra sở áp dụng nghị định 15/2020/NĐ-CP xử phạt bà Hằng 7,5 triệu đồng.”",Phương Hằng
"“Đại diện của bà Phương Hằng giải trình tại buổi làm việc với Sở TTTT TPHCM.
TPO - Thanh tra sở Thông tin và Truyền thông (TT&TT) TPHCM đã có buổi làm việc với đại diện ủy quyền của bà Nguyễn Phương Hằng (Vợ ông Huỳnh Uy Dũng tức Dũng “Lò vôi”). Tại buổi làm việc, đại diện ủy quyền của bà Phương Hằng đã đưa ra bản giải trình do bà Phương Hằng viết.
Theo ông Nguyễn Văn Thọ - Chánh Thanh trả sở TT&TT TPHCM tại buổi làm việc ngày 31/5, phía đại diện uỷ quyền của bà Nguyễn Phương Hằng có mang theo bản giải trình do bà Hằng ký tên. Theo nội dung bản giải trình, bà Hằng cam kết sẽ không livestream có nội dung, phát ngôn xúc phạm danh dự, nhân phẩm người khác, hay những ngôn từ gây phản cảm…
Cũng tại buổi làm việc với đại diện bà Phương Hằng, Thanh tra sở TT&TT TPHCM đã nhắc nhở về các nội dung mà bà Nguyễn Phương Hằng đã tiến hành livestream trong thời gian qua. Việc livestream trên mạng xã hội là quyền của mỗi người, nhưng nội dung phải tuân thủ các qui định và không vi phạm pháp luật. Thanh tra Sở TT&TT TPHCM cũng ghi nhận bà Nguyễn Phương Hằng đã có cam kết trong văn bản giải trình. Đại diện của bà Hằng hứa sẽ rút kinh nghiệm, sẽ cẩn trọng hơn trong việc phát ngôn, không dùng những từ ngữ làm ảnh hưởng đến người khác…
Trước đó vào tháng 4/2021, bà Nguyễn Phương Hằng đã bị Sở TT&TT TPHCM xử phạt vi phạm hành chính 7,5 triệu đồng vì đã cung cấp thông tin sai sự thật, xúc phạm đến uy tín của lãnh đạo tỉnh Bình Thuận và uy tín, danh dự của Chủ tịch UBND tỉnh Bình Thuận. Sau vụ việc đó, bà Hằng đã nộp phạt nhưng vẫn tiếp tục tổ chức livestream như thường lệ.
Đặc biệt trong thời gian hơn 1 tuần qua, bà Phương Hằng đã có những buổi livestream gây xôn xao dư luận vì động chạm đến nhiều cá nhân một số nghệ sĩ nổi tiếng, tạo sức hút khiến lượt theo dõi các buổi livestream lên đến hàng trăm nghìn người.
Trước tình hình trên, Bộ TT&TT đã có văn bản đề nghị Sở TT&TT và Công an các địa phương cần tăng cường công tác quản lý, rà soát, phát hiện kịp thời những nội dung vi phạm pháp luật trên không gian mạng, đặc biệt là mạng xã hội lớn và chủ động xử lí nghiêm khắc các đối tượng vi phạm trên địa bàn.
Trước đó, vào ngày 29/5, buổi livestream trong kế hoạch đã bị bà Phương Hằng chủ động hủy. Tuy nhiên sau đó, bà Hằng vẫn tiếp tục tham gia 2 buổi livestream cùng với ông Huỳnh Uy Dũng vào chiều ngày 30/5 và tối 31/5. Tại các buổi này, bà Hằng đã thay đổi thái độ, không chửi bới thách thức các nghệ sỹ nữa mà chỉ kể lể nhiều về bản thân mình, thậm chí bà Hằng còn khóc và cho rằng khán giả không công bằng với mình.”
",Phương Hằng
"“Bà Phương Hằng đã nói gì với đại gia Dũng ""lò vôi"" mà ông gật đầu cái rụp, chi 100 triệu đô xây ""Trường đua Đại Nam""?
Có thể nói trong sự nghiệp kinh doanh của mình, Trường đua Đại Nam là công trình để lại dấu ấn cá nhân mạnh mẽ nhất của bà Phương Hằng.
Có thể nói xuyên suốt những ngày vừa qua, ""Trường đua Đại Nam"" là cụm từ được netizen tìm kiếm nhiều nhất trên MXH. Trước đó, người ta chỉ biết Đại Nam là khu du lịch tâm linh, sở hữu nhiều đền chùa, khu vui chơi giải trí với kinh phí đầu tư lên đến 6000 tỷ VNĐ. Tuy nhiên, sự xuất hiện của một công trình hiện tại (tưởng chừng lạc quẻ) như Trường đua Đại Nam lại chính là điểm nhấn của khu du lịch này.
Bạn phải tận mắt chứng kiến Trường đua Đại Nam ngoài đời thì mới biết nó hoành tráng, quy mô đến cỡ nào. Đặc biệt, đây là công trình mang đậm dấu ấn cá nhân của doanh nhân Nguyễn Phương Hằng - vợ ông Dũng ""lò vôi"".
CEO của Đại Nam, bà Phương Hằng kể lại: Việc xây dựng Trường đua Đại Nam, vợ chồng tôi mong muốn góp phần vào sự phát triển môn thể thao đua ngựa truyền thống, vốn đang bị mai một. Qua đó, giúp các chủ nuôi ngựa, các nài ngựa, từ rất lâu yêu quí môn đua ngựa, nhưng không có đất dụng võ.
Nói về ý tưởng làm nên Trường đua Đại Nam xuất hiện một cách... vô cùng ngẫu hứng. Đơn giản chỉ là vì bà Phương Hằng thắc mắc với chồng mình là đại gia Huỳnh Uy Dũng rằng: Tại sao không xây dựng một trường đua ngựa ở Đại Nam nhỉ?
Và đại gia đã quyết định chiều vợ, khởi công xây dựng Trường đua Đại Nam vào ngày 26/7/2016 với tổng diện tích khoảng 60ha, hoàn thành vào ngày 29/1/2017. Trường đua Đại Nam là công trình thể thao tốc độ phức hợp đầu tiên tại Việt Nam có sự kết hợp của 5 loại hình: đua ngựa, đua chó, đua mô tô, đua go-kart, jet-ski - biểu diễn fly-board.”
",Phương Hằng
"“Bà Phương Hằng viết tâm thư như muốn dừng cuộc chơi, khẳng định đã chiến thắng: Tôi buông tất cả để trả về cho tòa án lương tâm của mỗi người.
Tâm thư như muốn thông báo dừng cuộc chơi của bà Phương Hằng sau loạt drama đang gây xôn xao MXH.
Thời gian vừa qua, đại gia Phương Hằng liên tục làm náo loạn showbiz Việt khi thẳng thắn đấu tố, réo tên loạt nghệ sĩ Vbiz lên livestream của mình. Tuy nhiên, mới đây, sau 90 ngày bước vào màn khẩu chiến ồn ào, bà Phương Hằng bất ngờ viết tâm thư chia sẻ muốn dừng lại tất cả.
""Tôi buông tất cả để trả về cho tòa án lương tâm của mỗi người, sau những phán xét đúng sai của mỗi người. Tôi có thể tự hào và kiêu hãnh trước người chồng, người đàn ông đã một lòng yêu vợ thương con, cổ vũ tôi. Và tự hào với các con tôi. Và tự hào với nhân viên của tôi. Vậy là đủ!"", bà Phương Hằng chia sẻ.
Được biết, trước đó, bà Phương Hằng tiết lộ vợ chồng bà đã xảy ra mâu thuẫn. Bức tâm thư tối ngày 3/6 này của Phương Hằng khiến nhiều người cho rằng nữ doanh nhân này đã muốn buông xuôi tất cả và dừng cuộc chơi tại đây. Bên cạnh đó, bà Phương Hằng khẳng định đã dành hoàn toàn chiến thắng trong cuộc chơi này: ""Nhưng hôm nay, Nguyễn Phương Hằng tôi đã hoàn toàn chiến thắng. Bởi vì tôi có thể thực hiện những điều trong phạm vi cho phép, là tôi nói và minh chứng, chứ tôi không phải là toà án để kết tội người khác"".”",Phương Hằng
"“Bà Phương Hằng nói về vụ từ thiện 13 tỷ của Hoài Linh: Thiếu gì cách để biển thủ, sáng tỏ nhất là để bên thứ 3 vào điều tra.
Bà Phương Hằng thẳng thắn nêu quan điểm về lùm xùm từ thiện của NS Hoài Linh trong livestream tối ngày 25/5.
Tối nay (ngày 25/5), dân mạng đang xôn xao trước những thông tin bà Phương Hằng ""vạch mặt"" dàn sao Vbiz trên livestream. Đáng chú ý, bà Phương Hằng còn chỉ đích danh nghệ sĩ Hoài Linh và nói rất nhiều về lùm xùm từ thiện 13 tỷ đồng của nam nghệ sĩ.
Bà Phương Hằng khẳng định việc nghệ sĩ Hoài Linh lấy tiền quyên góp ra giao dịch là sai phạm nghiêm trọng, đồng thời phân tích kỹ càng về chuyện số dư tài khoản của nam nghệ sĩ. Nữ doanh nhân khẳng định luôn: ""Hoài Linh có thể xác nhận số dư đó nhưng cũng có thể vay ngược lại"".
Nguyên văn chia sẻ của bà Phương Hằng về NS Hoài Linh và lùm xùm 13 tỷ từ thiện:
Tôi chỉ nói về những gì doanh nhân như tôi hiểu biết, tôi không có quyền kết tội ai hết nhưng nói ra để quý vị tham mưu. Tất cả chúng ta ai cũng bất ngờ, ngỡ ngàng về chuyện này rồi. Tại sao có những người lại bảo vệ Hoài Linh bất chấp... Nếu người thật, việc thật thì không cần làm việc đó.

Trước tiên, chúng ta nên hiểu tiền đi cứu trợ không ai có quyền lấy ra giao dịch được hết, đó là sai phạm rất nghiêm trọng. Tôi thấy Hoài Linh có chứng nhận số dư, với những người hay giao dịch ngân hàng như tôi thì số dư hay không dư quá bình thường, vấn đề là kết thúc và ra - vô như thế nào thì chỉ có cơ quan thứ 3 xác nhận được thôi. Tôi ví dụ thế này, tôi gửi tiết kiệm 100 tỷ đồng, ngân hàng phải xác nhận tôi có 100 tỷ nhưng tôi có quyền vay lại 95 tỷ đồng quý vị ơi. Hoài Linh có thể xác nhận số dư đó nhưng cũng có thể vay ngược lại quý vị ơi.
Trong số 13 tỷ đó còn lại 500 triệu hay bao nhiêu là giao dịch của Hoài Linh và ngân hàng, tôi không biết được, chỉ có người trong cuộc và cơ quan điều tra biết. Hoài Linh không có quyền chốt số tiền trong sổ tiết kiệm đó mà chưa có sự đồng ý của công chúng vì mình tạm ứng niềm tin chứ chưa thấy Hoài Linh làm gì, đó là cái sai rất nghiêm trọng. Thứ 2, nếu chúng ta không moi móc câu chuyện này ra thì đến bao giờ Hoài Linh mới lên tiếng, tôi nói thế để quý vị hiểu còn đối với tôi, tôi không cần ""vạch lá tìm sâu"" vì câu chuyện này không liên quan tới tôi. Có những cái ma mãnh khiến chúng ta bị lừa nha quý vị. Muốn biết được các sự thật đó chúng ta phải sao kê lại, các khoản ra vào mới biết được. Chỉ có những người không biết mới bị đánh lừa và xỏ mũi dắt đi. Tôi chỉ nói ra thế chứ không kết luận ai đúng sai vì chỉ người trong cuộc mới hiểu thôi quý vị à, cái thông minh ở đây là đánh tráo khái niệm. Hoài Linh sai quá sai rồi vì theo luật không ai có quyền được sử dụng số tiền này và phải công bố cho mọi người.
Bây giờ đi chứng minh đi kể lể nó muộn rồi Hoài Linh ơi. Hôm qua thì lặn tăm hôm nay lại đưa ra báo này báo kia. Nó thật là bỉ ổi. 2 tháng mấy sao không lên tiếng mà bây giờ đụng đến chuyện tiền bạc lại phải lên tiếng. Quý vị đừng bao giờ tin vào cái tờ chứng nhận số dư. Họ thiếu gì cách chứng nhận số dư nhưng sau đó có thể vay mượn để biển thủ trở lại. Nó đơn giản lắm quý vị ơi.
Ví dụ tài khoản tôi còn có 1 tỷ nhưng tôi xin ngân hàng xác nhận tôi có 13 tỷ vì tôi vay lại 12 tỷ vẫn là bình thường. Cho nên cần cơ quan thứ 3 bước vào xác minh.
Ở đây, sáng tỏ nhất là để bên thứ 3 vào điều tra.”",Phương Hằng
"“Bà Phương Hằng chính thức lên tiếng làm rõ vì nghi ngờ bị NSND Hồng Vân mỉa mai tố cáo lừa đảo kiếm tiền.
Bà Phương Hằng còn mong muốn hội chị em hãy học hỏi mình để có được thành công.
Tối ngày 12/5, bà Phương Hằng đã tuyên bố sẽ khởi kiện NSND Hồng Vân và NSƯT Hoa Hạ sau khi bị mỉa mai trên Facebook. Vợ ông Dũng ""lò vôi"" còn hẹn gặp lại mọi người vào thứ 6 để làm cho ra lẽ và chỉ trích cả hai vì tội vu khống doanh nghiệp.
Bà Phương Hằng xin lại sách GDCD và Đạo đức của gymer từng xúc phạm cố NS Chí Tài, tuyên bố ship tận nhà con nuôi NS Hoài Linh
Nói là làm, tối hôm nay (ngày 14/5), bà Phương Hằng tiếp tục chia sẻ về việc bị NSND Hồng Vân ẩn ý, qua đây làm rõ luôn về cáo buộc đi lừa đảo nên mới có nhiều tiền: ""Bà Hồng Vân nói tôi nhìn mà ngứa mắt, chắc đi lừa đảo nên mới có nhiều tiền, nhiều sổ đỏ. Chắc Hồng Vân thấy tôi suốt ngày khoe kim cương, sổ đỏ với thái độ khá gắt nên mới nói thế. Ý tôi là thế này, tôi cũng là phụ nữ nhưng toàn bộ thời gian trước tôi dành để kiếm tiền nên mới có được ngày hôm nay, có được những thứ như thế. Tôi mong muốn mọi người phụ nữ học hỏi tôi để trở thành người thành công. Tôi không tự nhiên nhảy xổ ra khoe của, khoe kim cương, sổ đỏ, tôi đâu có dại như vậy.
Tôi có động cơ mới nói vậy. Tôi muốn nói rằng, thay vì ngồi nhiều chuyện thì mọi người hãy dành thời gian đó để đi kiếm tiền, làm kinh tế. Tôi mà khoe thì khoe nhiều năm nay rồi chứ không đợi đến giờ mới khoe. Nhưng họ không chịu nghe tôi nói hết câu chuyện, chỉ nhắm đến đoạn tôi khoe kim cương, sổ đỏ để xoáy vào rồi chỉ trích tôi như Hồng Vân"".”",Phương Hằng
"“8 bài học kinh nghiệm cho các bệnh viện từ trường hợp mắc COVID-19 mới được phát hiện trên địa bàn thành phố.
Bên cạnh những thông tin nóng về 2 trường hợp COVID-19 mới trên địa bàn TPHCM như các báo, đài đã đưa tin, còn có 8 bài học kinh nghiệm các bệnh viện cần đối chiếu, rà soát, củng cố, và triển khai thực hiện ngay để bệnh viện luôn đứng vững trong tình hình dịch bệnh COVID-19 còn diễn biến phức tạp.
Cụ thể, 8 bài học kinh nghiệm đó là:
Thứ nhất, BV Vinmec Central Park đã thực hiện tốt khâu khai báo y tế điện tử cho tất cả mọi người bệnh đến bệnh viện, qua kết quả khai báo, nhân viên phụ trách khai báo y tế của bệnh viện phát hiện người bệnh thuộc nhóm nguy cơ (sốt, ho) và đã kịp thời phân luồng, hướng dẫn người bệnh đến buồng khám sàng lọc, sau đó vào khu cách ly của bệnh viện và làm xét nghiệm chẩn đoán. Khai báo y tế điện tử vừa tiện lợi cho người bệnh vừa là công cụ hiệu quả giúp nhân viên phụ trách khâu này kịp thời phát hiện người bệnh thuộc nhóm nguy cơ, phải được khám sàng lọc; nhân viên phụ trách phải được tập huấn và giao trách nhiệm cụ thể.
Thứ hai, khi nhận được báo cáo của BV Vinmec, Sở Y tế đã trích xuất ngay thông tin người bệnh từ dữ liệu lớn về khai báo y tế tại các bệnh viện và phát hiện người bệnh này có đến BV Thành phố Thủ Đức trước đó 4 ngày, Sở Y tế thông báo khẩn đến BV Thành phố Thủ Đức. Chuyển đổi số hoạt động khai báo y tế tại các bệnh viện sẽ giúp hình thành dữ liệu lớn về khai báo y tế, đây là nguồn dữ liệu quan trọng hỗ trợ thiết thực cho hệ thống dự phòng thực hiện công tác truy vết, khoanh vùng, dập dịch.
Thứ ba, BV Vinmec Central Park và BV Thành phố Thủ Đức truy xuất lại camera của bệnh viện giúp xác định người bệnh này đã tiếp xúc với ai và với nhân viên nào của bệnh viện để tạm thời cách ly và thực hiện xét nghiệm tầm soát ngay do chính 2 bệnh viện này thực hiện. Hệ thống camera là công cụ quan trọng và không thể thiếu đối với tất cả bệnh viện, giúp truy xuất hình ảnh người bệnh đã tiếp xúc với ai, nhân viên có tuân thủ phương tiện phòng hộ,…
Thứ tư, một yếu tố quan trọng không thể không nhắc đến đó là tất cả nhân viên có tiếp xúc gần với người bệnh này đều tuân thủ mang khẩu trang và mặc đồ phòng hộ (đúng theo quy định các vị trí phải mặc đồ phòng hộ trong giai đoạn dịch bệnh bùng phát hiện nay). Bệnh viện cần ban hành các quy định những vị trí bắt buộc phải mặc đồ phòng hộ cá nhân và đảm bảo cung ứng đầy đủ, tổ chuyên trách thường xuyên kiểm tra, giám sát sự tuân thủ của nhân viên y tế.
Thứ năm, việc bố trí buồng khám sàng lọc của BV Vinmec Central Park gần khu khai báo y tế, ở vị trí tách biệt với các buồng khám của khoa Khám bệnh, có lối đi riêng đã giúp hạn chế thấp nhất nguy cơ tiếp xúc của người bệnh với những người khác. Tình hình dịch bệnh COVID-19 chắc chắn còn diễn biến phức tạp và kéo dài, việc hình thành khu vực khai báo y tế, buồng khám sàng lọc, buồng cấp cứu sàng lọc tách rời khỏi khối nhà hiện hữu của bệnh viện, có lối đi riêng phải là một hoạt động ưu tiên đối với tất cả bệnh viện.
Thứ sáu, sau khi có kết quả xét nghiệm nghi ngờ (+), BV Vinmec Central Park đã đưa người bệnh vào khu vực cách ly và sử dụng buồng cách ly áp lực âm của bệnh viện giúp hạn chế thấp nhất nguy cơ lây lan mầm bệnh trong môi trường bệnh viện. Do tính chất lây lan của SARS-CoV-2 ngày càng trở nên nguy hiểm, theo nhận định của Bộ Y tế, vi rút này có thể lây qua không khí trong môi trường kín, nếu điều kiện nguồn lực cho phép thì việc bố trí thêm các buồng cách ly áp lực âm trong khu vực cách ly của bệnh viện là cần thiết.
Thứ bảy, không chờ kiểm chứng lại kết quả xét nghiệm, bệnh viện Vinmec Central Park cần báo cáo ngay đến HCDC và phòng Nghiệp vụ Y - Sở Y tế ngay khi xét nghiệm lần đầu cho kết quả nghi ngờ (+) thay vì phải chờ làm lại lần 2. Việc báo cáo sớm đến HCDC và Sở Y tế cho dù kết quả xét nghiệm còn nghi ngờ có ý nghĩa rất quan trọng cho công tác phát hiện sớm, ngăn chặn lây lan, khoanh vùng, dập dịch.
Thứ tám, chỉ trong vòng 1 buổi, Sở Y tế đã điều động nhiều tổ điều dưỡng và kỹ thuật viên của các bệnh viện đến các chung cư và khu vực phong toả nơi bệnh nhân ở và làm việc để lấy mẫu xét nghiệm. Xét nghiệm nhanh là một trong những hoạt động ưu tiên trong công tác truy vết, phân công và sẵn sàng các tổ nhân viên y tế (điều dưỡng, kỹ thuật viên) đã được tập huấn lấy mẫu xét nghiệm còn là trách nhiệm của các bệnh viện trong công tác phòng, chống dịch.
Theo báo cáo mới nhất của BV Vinmec Central Park và BV Thành phố Thủ Đức, tất cả nhân viên của 2 bệnh viện này có tiếp xúc gần với người bệnh đều được xét nghiệm tầm soát và đều cho kết quả âm tính (12 của BV Vinmec Central Park và 14 của BV TPTĐ). 2 bệnh viện này tiếp tục làm xét nghiệm tầm soát cho nhân viên có tiếp xúc xa.
Sở Y tế yêu cầu tất cả bệnh viện khẩn trương đối chiếu với 8 bài học rút ra như trên, rà soát, củng cố, và triển khai thực hiện ngay để bệnh viện luôn đứng vững trong tình hình dịch bệnh COVID-19 còn diễn biến phức tạp.”",Covid
"“Giám đốc các bệnh viện cần biết: Quy trình xử lý khi bệnh viện phát hiện có trường hợp COVID-19 (+).
Trong tình hình dịch bệnh COVID-19 đang có những diễn biến phức tạp như hiện nay, vai trò phát hiện ca bệnh COVID-19 (+) của các bệnh viện ngày càng trở nên quan trọng. Nếu bệnh viện chủ động phát hiện sớm ca bệnh (+) qua khám sàng lọc sẽ giúp cho công tác truy vết, xét nghiệm, khoanh vùng, dập dịch trong cộng đồng hiệu quả hơn; ngược lại, nếu bị động thì bệnh viện trở thành nơi lây nhiễm chéo với những hậu quả nặng nề.
Căn cứ vào các quy định của Bộ Y tế và từ thực tiễn trong công tác phòng chống dịch trên địa bàn Thành phố, Sở Y tế cụ thể hoá thành Quy trình xử lý khi bệnh viện phát hiện có trường hợp COVID-19 (+), theo đó, tuỳ thuộc việc phát hiện ca bệnh COVID-19 (+) tại bệnh viện là chủ động hay bị động mà chọn giải pháp xử lý phù hợp. Cụ thể như sau:
1. Xác định việc phát hiện ca bệnh COVID-19 (+) tại bệnh viện là chủ động hay bị động?
- Phát hiện ca bệnh COVID-19 (+) chủ động: qua khai báo y tế, khám/cấp cứu sàng lọc ngay khi người bệnh đến bệnh viện.
- Phát hiện ca bệnh COVID-19 (+) bị động: phát hiện qua xét nghiệm tầm soát người bệnh, thân nhân người bệnh và nhân viên (do bệnh viện hoặc HCDC thực hiện), người mắc không được phát hiện sớm qua khâu khám sàng lọc, đã vào khu vực khám ngoại trú, khu vực vực điều trị nội trú, có nguy cơ lây lan trong bệnh viện.
2. Chọn giải pháp xử lý tình huống phù hợp:
2.1. Tình huống 1: Ca bệnh COVID-19 (+) được phát hiện một cách chủ động:
Bệnh viện báo cáo ngay Sở Y tế, Trung tâm kiểm soát bệnh tật Thành phố (HCDC); tạm ngưng hoạt động khám và điều trị ngoại trú, tạm ngưng tiếp nhận bệnh nhân mới, đồng thời triển khai ngay các hoạt động sau: 
1) Truy xuất camera xem có nhân viên nào thuộc diện F1 để cách ly tập trung theo quy định (không tuân thủ quy tắc an toàn phòng chống lây nhiễm COVID trong BV như mang khẩu trang, mặc phòng hộ cá nhân,…);
2) Tiến hành khử khuẩn khu vực tiếp nhận, khám sàng lọc và các khoa, phòng có liên quan;
3) Rà soát, củng cố quy trình khai báo y tế, phân luồng, khám sàng lọc, cách ly, xét nghiệm,… (nếu có);
4) Trong thời gian tạm ngưng hoạt động khám ngoại trú, vẫn cho xuất viện BN nội trú nếu có chỉ định, đảm bảo BN đã được lấy mẫu xét nghiệm tầm soát;
5) Tất cả nhân viên công tác tại khu vực sàng lọc cần được theo dõi tình trạng sức khỏe hàng ngày và làm xét nghiệm PCR tầm soát COVID định kỳ hàng tuần, khi xuất hiện triệu chứng cần cách ly và lấy bệnh phẩm XN PCR ngay lập tức;
6) Tuỳ thuộc kết quả xét nghiệm và mức độ triển khai các hoạt động nêu trên để Sở Y tế quyết định cho BV sớm hoạt động trở lại bình thường (thường trong vòng 24-48 giờ), hoặc tiếp tục tạm ngưng hoạt động khám ngoại trú, hoặc tạm thời phong toả toàn bộ BV.
(Quy định xử lý tình huống này không áp dụng đối với các BV được phân công nhiệm vụ chuyên tiếp nhận điều trị COVID19 theo Kế hoạch số 2802/KH-SYT về Chủ động ứng phó tình hình dịch bệnh COVID-19 của khối điều trị trong tình huống Thành phố Hồ Chí Minh có 5.000 trường hợp dương tính với SARS-CoV-2).
2.2. Ca bệnh COVID-19 (+) được phát hiện một cách bị động:
Bệnh viện báo cáo ngay Sở Y tế, Trung tâm kiểm soát bệnh tật Thành phố (HCDC); đồng thời triển khai ngay các hoạt động sau:
1) Phong toả tạm thời bệnh viện, mức độ phong toả có thể chỉ một khu vực (nếu BN (+) chỉ đến khám tại 1 phòng khám) hoặc cả bệnh viện (nếu BN (+) đang nằm điều trị nội trú);
2) Truy xuất camera xem có nhân viên nào thuộc F1 để cách ly tập trung; tất cả nhân viên còn lại hiện đang ở BV thì cách ly tạm tại BV; nhân viên đang ở ngoài BV thì cách ly tạm tại nhà.
3) Thông báo tình hình đến TTYT quận/huyện để điều tra dịch tễ và khử khuẩn toàn bệnh viện. 
4) Triển khai xét nghiệm tầm soát tất cả nhân viên của bệnh viện và nhân viên cung ứng các dịch vụ tiện ích tại BV, người bệnh và thân nhân người bệnh đang nằm điều trị tại bệnh viện. Đối với nhân viên, người bệnh tiếp xúc với BN (+) thì lấy XN đơn, nhân viên và người bệnh không tiếp xúc trực tiếp với BN (+) thì lấy XN gộp. Nếu BN nằm điều trị nội trú nhiều ngày mới phát hiện ra, cần tiến hành XN khẩn.
5) Tất cả nhân viên cần được theo dõi tình trạng sức khỏe hàng ngày và làm xét nghiệm PCR tầm soát COVID lại định kỳ hàng tuần, khi xuất hiện triệu chứng cần cách ly và lấy bệnh phẩm XN PCR ngay lập tức;
6) Đối với những bệnh nhân đang điều trị ngoại trú dài hạn, như suy thận mạn đang chạy thận nhân tạo, cao huyết áp/suy tim,… báo cáo khẩn về phòng Nghiệp vụ Y Sở Y tế để được hỗ trợ tạm chuyển tuyến điều trị.
7) Rà soát, phát hiện các lỗi và củng cố quy trình khai báo y tế, khám sàng lọc, cách ly, xét nghiệm,…
8) Trong thời gian tạm phong toả, vẫn cho xuất viện BN nội trú nếu có chỉ định, đảm bảo BN đã được lấy mẫu xét nghiệm tầm soát, yêu cầu BN tự cách ly tại nhà và thông báo với y tế địa phương (thông qua HCDC).
9) Đảm bảo cung ứng nước uống, thức ăn cho nhân viên và người bệnh trong thời gian tạm phong tỏa.
10) Tuỳ thuộc kết quả xét nghiệm và mức độ triển khai các hoạt động nêu trên để Sở Y tế quyết định cho BV hoạt động trở lại, hoặc đề xuất Ban Chỉ đạo TP chính thức phong toả bệnh viện (có thời hạn theo quy định).”",Covid
"“Giám đốc các bệnh viện cần biết: Bộ Y tế ban hành Hướng dẫn sử dụng sinh phẩm xét nghiệm nhanh kháng nguyên vi rút SARS-CoV-2.
Ngày 28/4/2021, Bộ Y tế ra Quyết định 2022/QĐ-BYT về việc ban hành “Hướng dẫn sử dụng sinh phẩm xét nghiệm nhanh kháng nguyên vi rút SARS-CoV-2”. Theo đó, xét nghiệm nhanh kháng nguyên vi rút SARS-CoV-2 có ưu điểm là thuận tiện khi sử dụng, cho kết quả nhanh trong vòng 30 phút và cho kết quả tốt nhất trong vòng 5-7 ngày, kể từ ngày khởi phát triệu chứng. Tuy nhiên, xét nghiệm này có độ nhạy thấp hơn so với xét nghiệm Realtime RT-PCR nên có thể cho kết quả âm tính giả; trong trường hợp xét nghiệm nhanh kháng nguyên dương tính, kết luận mắc hay không mắc COVID-19 tuỳ thuộc vào kết quả xét nghiệm Realtime RT-PCR.
Trong phần thông tin chung của Hướng dẫn sử dụng sinh phẩm xét nghiệm nhanh kháng nguyên vi rút SARS-CoV-2, Bộ Y tế nêu rõ:
Tình hình dịch bệnh COVID-19 hiện vẫn đang diễn biến hết sức phức tạp. Tổng số ca mắc COVID-19 trên toàn cầu đã vượt 144 triệu ca bệnh, trong đó trên 3 triệu người tử vong. Tại Việt Nam tính đến 23/4/2021 đã có hơn 2,800 trường hợp dương tính với SARS-CoV-2, trong đó có hơn 1.500 ca trong nước.
Việc chẩn đoán mắc COVID-19 thời gian qua chủ yếu dựa vào xét nghiệm Realtime RT-PCR. Đến nay trên toàn quốc đã có 169 phòng xét nghiệm phát hiện SARS-CoV-2 bằng thuật Realtime RT-PCR với công suất xét nghiệm tối đa gần 64.000 mẫu/ngày. Trong số đó có 114 phòng xét nghiệm đủ năng lực khẳng định nhiễm SARS-CoV-2 với công suất xét nghiệm tối đa hơn 52.000 mẫu/ngày. Từ năm 2020 đến nay cả nước đã thực hiện xét nghiệm Realtime RT-PCR được hom 2.600.000 mẫu cho 3.500.000 lượt người.
Ngoài sinh phẩm xét nghiệm bằng kỹ thuật Realtime RT-PCR, nhiều loại sinh phẩm xét nghiệm nhanh kháng nguyên cũng đã được phát triển, góp phần đa dạng hóa các thuật xét nghiệm phát hiện vi rút SARS-CoV-2. Xét nghiệm nhanh kháng nguyên có ưu điểm thuận tiện khi sử dụng, cho kết quả nhanh trong vòng 30 phút, có thể sử dụng ở ngoài phòng xét nghiệm, chi phí thấp hơn so với xét nghiệm Realtime RT-PCR. Xét nghiệm nhanh kháng nguyên cho kết quả tốt nhất trong vòng 5-7 ngày kể từ ngày khởi phát triệu chứng. Một số nghiên cứu cho thấy kháng nguyên vi rút SARS-CoV-2 có thể giảm xuống dưới ngưỡng phát hiện sau 5 ngày khởi phát triệu chứng dẫn đến việc xét nghiệm nhanh kháng nguyên cho kết quả âm tính trong khi các xét nghiệm có độ nhạy cao như Realtime RT-PCR cho kết quả dương tính. Điều này có nghĩa là xét nghiệm nhanh kháng nguyên có độ nhạy thấp hơn so với xét nghiệm Realtime RT-PCR nên có thể cho kết quả âm tính giả. Ở cộng đồng có tỷ lệ mắc thấp, kết quả xét nghiệm nhanh kháng nguyên dương tính cũng chưa thể xác định tình trạng nhiễm vi rút SARS-CoV-2 mà cần được khẳng định lại bằng xét nghiệm Realtime RT-PCR.
Tại Việt Nam hiện nay đã có một số loại sinh phẩm xét nghiệm nhanh kháng nguyên. Để sử dụng sinh phẩm xét nghiệm vi rút SARS-CoV-2 hiệu quả và đáp ứng tình hình dịch, Bộ Y tế hướng dẫn thực hiện xét nghiệm nhanh kháng nguyên.
Hướng dẫn sử dụng sinh phẩm xét nghiệm nhanh kháng nguyên vi rút SARS-CoV-2 được Bộ Y tế cụ thể hoá theo 3 giai đoạn: (1) Giai đoạn có ca bệnh xâm nhập, ca bệnh thứ phát trong cộng đồng và các ổ dịch khu trú, chưa lây lan rộng trong cộng đồng; (2) Giai đoạn bệnh lây lan rộng trong cộng đồng; (3) Giai đoạn chỉ phát hiện ca mắc từ nước ngoài nhập cảnh, không có ca mắc trong cộng đồng. Tuỳ theo mỗi giai đoạn sẽ có phiên giải kết quả xét nghiệm nhanh kháng nguyên khác nhau.”",Covid
"“10 hoạt động ưu tiên Giám đốc các bệnh viện cần làm ngay để chủ động ứng phó với COVID-19.
Trong tình hình dịch bệnh COVID-19 đang diễn biến phức tạp tại nhiều tỉnh, thành trên cả nước, và đã có một số bệnh viện đã bị phong toả do dịch bệnh lây lan trong bệnh viện, và nhiều công văn, công điện khẩn của Bộ Y tế yêu cầu tất cả bệnh viện phải đặt trong tình trạng báo động cao nhất và tăng cường triển khai quyết liệt hơn nhiều hoạt động phòng chống dịch đã được ban hành. Bên cạnh đó, qua công tác kiểm tra đột xuất các bệnh viện về công tác phòng chống dịch COVID-19, Sở Y tế nhấn mạnh 10 hoạt động ưu tiên mà Giám đốc các bệnh viện cần làm ngay để chủ động ứng phó với COVID-19 trong tình hình hiện nay.
Dưới đây là 10 hoạt động ưu tiên các bệnh viện cần làm ngay để chủ động ứng phó với COVID-19 trong giai đoạn hiện nay:
1. Hình thành khu vực khai báo y tế, buồng khám sàng lọc, buồng cấp cứu sàng lọc tách rời khỏi khối nhà hiện hữu của BV, có lối đi riêng. Nếu vì điều kiện khách quan chưa thực hiện được, phải bố trí khu vực này nằm ở vị trí tương đối tách biệt với khoa Khám bệnh và có lối đi riêng.
2. Triển khai nghiêm túc khai báo điện tử cho tất cả mọi người khi đến bệnh viện. Lưu ý: bắt buộc phải thực hiện khâu “check-in” để xác nhận người bệnh đã vào bệnh viện, BV cần trang bị máy quét để thực hiện khâu này.  
3. Bố trí nhân viên đã được tập huấn thường trực tại khu vực khai báo y tế, buồng khám sàng lọc, buồng cấp cứu sàng lọc. Đảm bảo kịp thời phát hiện người khai báo y tế thuộc nhóm nguy cơ để hướng dẫn đến buồng khám sàng lọc ngay.
4. Bệnh viện cần có quy định cụ thể về các thời điểm cần sàng lọc người bệnh, thân nhân người bệnh, học sinh, sinh viên,… Thực hiện sàng lọc nhiều cấp: tại cổng bệnh viện, tại khoa Khám bệnh, tại mỗi khoa lâm sàng. Ban hành quy định các bác sĩ, điều dưỡng khi tiếp nhận bệnh nhân mới, khi đi buồng bệnh cần tiếp tục khai thác yếu tố dịch tễ để sàng lọc lại,... kịp thời phát hiện người có yếu tố nguy cơ để cách ly ngay.
5. Tăng cường năng lực xét nghiệm chẩn đoán SARS-CoV-2 của bệnh viện. Triển khai xét nghiệm tầm soát (xét nghiệm nhanh kháng nguyên, RT PCR) định kỳ cho nhân viên và bệnh nhân theo quy định của Bộ Y tế. Các bệnh viện phấn đấu có ít nhất 1 hệ thống xét nghiệm Realtime PCR cho mỗi 300 giường bệnh, và có đủ điều kiện, năng lực xét nghiệm tìm SAR-CoV-2.
6. Sẵn sàng các buồng cách  ly tại mỗi khoa, ban hành quy định nội bộ về sử dụng buồng cách ly, quy định về lối đi tách biệt từ buồng khám sàng lọc, buồng cấp cứu sàng lọc lên các buồng cách ly tại các khoa.
7. Không tổ chức người thân thăm bệnh tại các bệnh viện. Chỉ định nhập viện khi thật sự cần thiết, rút ngắn thời gian nằm viện nếu có thể. Chỉ chuyển tuyến khi bệnh nhân có kết quả xét nghiệm âm tính. Không tổ chức hội nghị, hội thảo, lớp tập huấn… tập trung đông người, thay vào đó, triển khai bằng hình thức trực tuyến.
8. Rà soát, bổ sung đảm bảo luôn sẵn sàng các phương tiện, trang thiết bị cần thiết cho công tác phòng, chống dịch COVID-19 trong bệnh viện. Xây dựng các kịch bản từ đơn giản đến phức tạp nhất, các giải pháp tương ứng các kịch bản, tổ chức diễn tập và rút kinh nghiệm. Lập kế hoạch đảm bảo đủ nguồn nhân lực trong mọi tình huống.
9. Tổ chức tiêm chủng cho tất cả nhân viên bệnh viện, tuân thủ nghiêm các quy định về tiêm chủng, đặc biệt lưu ý phát hiện và xử trí phản ứng phản vệ sau tiêm.
10. Hình thành tổ công tác liên khoa, phòng chịu trách nhiệm kiểm tra, giám sát sự tuân thủ của nhân viên đối với các hoạt động phòng, chống dịch đã được bệnh viện quy định (căn cứ  vào các quy định của Bộ Y tế và hướng dẫn của Sở Y tế). Trong đó, đặc biệt quan tâm: đối chiếu sự tương xứng giữa kết quả khai báo y tế điện tử của nhóm bệnh nhân có nguy cơ có tương xứng với số lượt khám sàng lọc tại cùng một thời điểm hay không; sự tuân thủ các quy định về kiểm soát nhiểm khuẩn; việc triển khai các giải pháp giãn cách tại khoa Khám bệnh…”",Covid
"“Phó Thủ tướng Vũ Đức Đam: Không để dịch ""dây dưa"" trong khu vực cách ly, phong toả.
Với công tác cách ly, địa điểm nào đã khoanh vùng, cách ly phải kiểm soát nghiêm ngặt, giãn cách triệt để, không để “ngoài chặt, trong lỏng"". Nơi nào nguy cơ cao phải tập trung lực lượng xử lý dứt điểm, tránh ""dây dưa"".
Cuối giờ chiều 4/6, Phó Thủ tướng Vũ Đức Đam chủ trì cuộc họp trực tuyến với lãnh đạo tỉnh Bắc Ninh, Bắc Giang về công tác phòng chống dịch COVID-19 tại hai địa phương này.
Số ca mắc COVID-19 tại TP Bắc Ninh tăng nhanh trong khi Thuận Thành đã giảm
Từ điểm cầu Bắc Ninh, bà Nguyễn Hương Giang - Chủ tịch UBND tỉnh - cho biết số ca mắc của huyện Thuận Thành dù có tổng số ca mắc cao nhất toàn tỉnh (với 567 ca) nhưng đang có xu hướng giảm. Trong khi đó, số ca mắc ở TP Bắc Ninh lại đang tăng cao với 274 ca mắc COVID-19 tại 14 phường với 43 khu phố.
Theo thống kê, số ca mắc ở Thuận Thành có xu hướng giảm đi khi ngày 29/5 ghi nhận 27 ca, ngày 31/5 là 15, đến hôm nay còn 7 ca. Còn số ca tại TP Bắc Ninh lại tăng lên khi 16/5 có 1 ca, 31/5 có 6 ca nhưng ngày 3/6 là 26 ca. Riêng hôm nay có tổng số 29 người mắc.
Bí thư Tỉnh ủy Đào Hồng Lan cho biết Bắc Ninh và Bộ phận Thường trực đặc biệt của Bộ Y tế tại địa phương thống nhất các phương án xử lý ổ dịch ở Bắc Ninh. Theo đó, ca mắc ở Thuận Thành và TP Bắc Ninh được chia thành 3 nhóm nguy cơ gồm: Trong vòng 7 ngày có ca F0 tại cộng đồng, 8-14 ngày có ca F0 và trên 14 ngày có ca F0, tính từ ngày 23/5. Các lực lượng thống tập trung xét nghiệm từng nhóm ở các thôn, xóm.
Không xét nghiệm diện rộng ồ ạt, điều phối nhân lực lấy mẫu cho hai ""điểm nóng""
Liên quan đến vấn đề này, Phó Cục trưởng Cục Y tế dự phòng Hoàng Minh Đức, thành viên Bộ phận thường trực đặc biệt Bộ Y tế tại Bắc Ninh cho biết, phương án xét nghiệm cho 3 nhóm (có ca mắc trong vòng 7 ngày; 8-14 ngày; trên 14 ngày) không phải là phương án xét nghiệm ồ ạt trên diện rộng, lãng phí nguồn nhân lực mà tập trung sàng lọc tại những nơi có nguy cơ cao để phát hiện các ca mắc COVID-19, ""làm sạch nơi nguy cơ cao"".
Ông Đức cho rằng, để giải quyết ""bài toán"" ở 2 địa phương là ""điểm nóng"" này, lấy mẫu có vai trò quan trọng. Tại Thuận Thành, những nơi có nguy cơ cao cần 100 nhân lực để lấy mẫu. Còn thành phố Bắc Ninh thiếu khoảng 300 người. Như vậy, các lực lượng vừa phải điều phối nhân lực lấy mẫu, vừa phải tăng công suất xét nghiệm (hiện toàn tỉnh công suất là 11.000 mẫu đơn tương đương 110.000 mẫu gộp 10).
Ông Đức nhận định dịch tại cộng đồng ở Bắc Ninh ""rả rích"" vì giãn cách chưa được triệt để. Tuy nhiên, 2 hôm nay, việc thực hiện giãn cách đã quyết liệt hơn. Với phương pháp xét nghiệm như hiện nay, theo ông Đức, nếu làm quyết liệt trong 7 ngày sẽ giảm ca mắc. Và cố gắng trong 14 ngày, Bắc Ninh chỉ còn lác đác ca mắc mới, không còn trong cộng đồng.
Tại điểm cầu tỉnh Bắc Giang, Phó Chủ tịch UBND tỉnh Mai Sơn cho biết ngày 4/6, Bắc Giang ghi nhận thêm 143 ca mắc Covid-19 đều trong khu cách ly tập trung và khu phong tỏa. Tỉnh đã xây dựng phần mềm giám sát, quản lý dịch COVID-19 cho doanh nghiệp và cấp mã QR-code để phục vụ công tác truy vết. Hiện Bắc Giang đã có 24 doanh nghiệp được cấp phép hoạt động trở lại với trên 6.000 công nhân, người lao động trực tiếp tham gia sản xuất.
Tuân thủ quy định lấy mẫu, không để lây nhiễm trong quá trình lấy mẫu
Kết luận cuộc họp, Phó Thủ tướng Vũ Đức Đam chỉ đạo hai địa phương chấn chỉnh triệt để tình trạng tại các khu cách ly hay những thôn, xã bị phong tỏa, bên ngoài chặt nhưng bên trong lại có hiện tượng quản lý lỏng.
Phó Thủ tướng đề nghị tiếp tục tầm soát ngoài cộng đồng kết hợp với lấy mẫu ngẫu nhiên; dựa vào các công cụ khai báo y tế, công cụ hỗ trợ để lựa chọn khu vực lấy mẫu sao cho hiệu quả, tiết kiệm nhất.
Theo báo cáo, tại Bắc Giang, nhờ hệ thống hỗ trợ gọi điện tự động đã cung cấp được 536 trường hợp để mọi người trợ giúp y tế và lấy mẫu xét nghiệm. Từ đó, Ban Chỉ đạo Quốc gia đề nghị Bắc Ninh áp dụng phương pháp này để tầm soát ngoài cộng đồng hiệu quả và tiết kiệm hơn.
Các giải pháp bố trí công nhân ở bên trong nhà máy chỉ mang tính tạm thời, sau đó địa phương, doanh nghiệp phải có phương án sắp xếp, bố trí lại chỗ ở của công nhân gắn với bố trí ca kíp sản xuất bảo đảm an toàn dịch bệnh.
Phó Thủ tướng nhấn mạnh yêu cầu khi dịch đã qua giai đoạn cao điểm nóng, tình hình bắt đầu được kiểm soát, cần đẩy nhanh việc thí điểm cách ly tại chỗ, cách ly tại nhà và tự lấy mẫu xét nghiệm.
Với việc tự lấy mẫu, ngoài lo ngại về kỹ năng, có địa phương cũng không ngoại trừ việc nếu không kiểm soát tốt, sẽ có hiện tượng không trung thực. Phó Thủ tướng chỉ đạo cần tập huấn hướng dẫn và giám sát việc lấy mẫu. Đặc biệt, phải lưu ý tuân thủ quy định lấy mẫu, không để lây nhiễm trong quy trình lấy mẫu, vì thực tế đã có trường hợp như vậy.”",Covid
"“Diễn biến mới sau khi quy định ""từ TP.HCM đến Đồng Nai phải cách ly 21 ngày""
Đồng Nai khẳng định không ""ngăn sông cấm chợ"" nhưng đề nghị các chuyên gia, người lao động lưu trú TP.HCM nhưng làm việc tại Đồng Nai ở lại tỉnh này hoặc làm việc trực tuyến
Theo đúng tinh thần công văn chỉ đạo của tỉnh Đồng Nai, ngay từ 0h ngày 5-6, tại các chốt trên các tuyến đường nối giữa TP.HCM – Đồng Nai, các chốt kiểm soát phòng chống dịch Covid-19 tăng cường hoạt động.
Theo ghi nhận của phóng viên Báo Người Lao Động, ngay trong đêm, những người đang lao động tại TP.HCM nhưng trú tại Đồng Nai hoặc ngược lại đã chuẩn bị sắp xếp tư trang và nhu yếu phẩm để quyết định ở lại một trong hai nơi trong những ngày tiếp theo cho đến khi có thông báo mới.
Trong khi đó, tại các chốt kiểm soát, tình hình cũng ""căng"" hơn khi có nhiều điểm vẫn còn vướng mắc, nhiều nội dung người dân chưa nắm rõ hoặc vẫn còn bất cập.
Tại chốt kiểm soát đầu cầu Đồng Nai trên Quốc lộ 1, đoạn thuộc phường Long Bình Tân (TP Biên Hòa), ban đầu lực lượng chức năng chủ yếu hướng dẫn các xe tự khai báo y tế, lộ trình duy chuyển, thực hiện các biện pháp phòng dịch. Một số tài xế từ Đồng Nai định chạy sang TP.HCM lấy hàng như công việc hàng ngày nhưng lo sợ bị cách ly khi trở lại nên đã đến hỏi cán bộ tại chốt kiểm soát. 
Tài xế Phạm Ngọc Đức nói do văn bản tỉnh ""ra gấp quá"" nên không hủy kế hoạch lấy hàng được. Sau khi được cán bộ chốt trực hướng dẫn xe chở hàng có thể lưu thông qua lại nhưng phải khai báo y tế, thực hiện phòng dịch... anh Đức mới yên tâm tiếp tục công việc.
0h30 ngày 5-6, cán bộ trực tại chốt kiểm soát đã dừng hàng loạt xe khách, xe tải, xe máy từ TP.HCM vào Đồng Nai để đo thân nhiệt, lấy thông tin khai báo y tế, đồng thời hướng dẫn các tài xế thực hiện đầy đủ biện pháp phòng chống Covid-19, thực hiện nghiêm quy định 5K, khai rõ lộ trình di chuyển đến chủ đơn vị vận tải... 
1h cùng ngày, do lượng xe qua chốt ở cầu Đồng Nai quá đông không thể dừng xuể, lực lượng chức năng tập trung dừng các xe khách, ô tô cá nhân.
Tại chốt kiểm soát trên Quốc lộ 1K, tình hình diễn ra tương tự. Cán bộ kiểm soát cho biết lực lượng chỉ thực hiện kiểm tra thân nhiệt, thông tin khai báo y tế, các biện pháp 5K của người qua chốt cũng như lịch trình di chuyển, riêng vấn đề cư ngụ sẽ do nơi cư trú của các cá nhân kiểm soát.
Như chúng tôi đã thông tin, sau khi tỉnh Đồng Nai ra văn bản buột những người đến từ TP.HCM phải cách ly y tế 21 ngày, phía TP.HCM và nhiều công ty tại các khu công nghiệp của tỉnh Đồng Nai đã lên tiếng phản ánh một số bất cập để phối hợp rà soát, điều chỉnh một số giải pháp liên quan. Bởi khi triển khai thực hiện theo tinh thần của công văn của tỉnh Đồng Nai đã tác động rất lớn đến vấn đề nguồn lao động và vận chuyển hàng hóa vốn giữ vai trò quan trọng trong kinh tế vùng giáp ranh hai địa phương.
Trao đổi với phóng viên Báo Người Lao Động, ông Phan Huy Anh Vũ – Giám đốc Sở Y tế, Phó Ban Chỉ đạo Phòng chống dịch Covid-19 tỉnh Đồng Nai cho biết tỉnh đã ra quyết định quyết liệt, trên tinh thần nhanh chóng kịp thời để bảo vệ sức khỏa hàng triệu dân Đồng Nai và đông đảo người lao động trong các khu công nghiệp, tuy nhiên không ""ngăn sông cấm chợ"", giao thông đảm bảo thông suốt, chỉ là giảm thiểu tối đa nguy cơ lây nhiễm dịch bệnh đang diễn biến rất phức tạp. 
""Xe chở nhu yếu phẩm, các trường hợp giao thông đảm bảo biện pháp 5K được đi lại bình thường, nhanh chóng, chỉ riêng với các trường hợp lao động hoặc ngụ tại địa bàn Đồng Nai hay TP.HCM thì buộc phải chọn 1 trong 2 nơi để đáp ứng việc phòng chống dịch bệnh. Địa phương sẽ kiểm soát vấn đề lưu trú…"" - ông Vũ cho biết.
Trong khi đó, theo ông Thái Bảo, Phó chủ tịch UBND tỉnh Đồng Nai, Đồng Nai giáp ranh với TP.HCM nên số lượng lao động, chuyên gia nước ngoài ở TP.HCM về làm việc trong các khu công nghiệp tại địa phương này rất lớn (khoảng 10.000 người), nguy cơ lây nhiễm Covid-19 rất cao. Tỉnh đã hướng dẫn các công ty vận động công nhân, chuyên gia ở lại Đồng Nai làm việc hoặc làm việc trực tuyến. 
Ông Bảo khẳng định Đồng Nai không ""ngăn sông cấm chợ"", hàng hóa, nhu yếu phẩm của hai tỉnh vẫn lưu thông bình thường. ""Biết sẽ gây ít nhiều khó khăn đối với người dân, song vì tình hình phòng chống Covid-19 nên mong người dân chia sẻ với tỉnh về chủ trương này"" - ông Bảo nói và cho biết người dân cần liên hệ với trạm y tế để được hướng dẫn chi tiết.”",Covid
"“Lật tẩy hành tung ca ""siêu lây nhiễm"" ở Hải Dương
Tùng được phát hiện nhiễm COVID-19 ngày 6/5, khi anh ta có triệu chứng ho, sốt và tự tới cơ sở y tế để xét nghiệm.
Làm việc với cơ quan y tế, Tùng ngoan cố không khai báo hành trình đi lại của mình. Ban chỉ đạo Phòng chống dịch COVID-19 TP Hải Dương đã đề nghị Công an tỉnh Hải Dương vào cuộc điều tra.

Bệnh nhân gây khó dễ, công an lập chuyên án điều tra

Trong đợt dịch COVID-19 thứ ba, tỉnh Hải Dương là địa phương chịu ảnh hưởng nặng nề nhất vì có nhiều ca lây nhiễm trong cộng đồng. Vừa bình thường chưa được bao lâu, Hải Dương lại phải đối mặt với đợt bùng phát dịch lần thứ 4 và ca đầu tiên của được xác định là bệnh nhân Đào Duy Tùng (SN 1989, trú tại số 42 Hàm Nghi, phường Hải Tân, TP Hải Dương).

Việc truy vết, xác định được lịch trình đi lại của bệnh nhân là rất quan trọng. Sau khi đợt dịch thứ 3 được khống chế, Hải Dương đã trải qua hơn 40 ngày không phát hiện ca nhiễm COVID-19 trong cộng đồng. “Vậy, bệnh nhân Tùng đã lây nhiễm COVID-19 từ đâu?”, đó là câu hỏi mà lực lượng Công an Hải Dương buộc phải tìm ra câu trả lời nhanh nhất để có thể khoanh vùng, dập dịch.
Đại tá Lê Ngọc Châu, Giám đốc Công an tỉnh Hải Dương chủ trì cuộc họp với các đơn vị nghiệp vụ và Công an TP Hải Dương, yêu cầu các đơn vị cử những cán bộ, trinh sát giỏi nhất mở cuộc điều tra như một chuyên án có tính chất phức tạp để điều tra về hành tung của bệnh nhân Tùng.
Thượng tá Vũ Dương Tường, Chánh văn phòng Công an tỉnh Hải Dương cho biết: “Đào Duy Tùng là người có hiểu biết pháp luật, va chạm xã hội nhiều. Vì vậy, nhiều mũi trinh sát đã đồng bộ vào cuộc phối hợp chặt chẽ các phòng nghiệp vụ để làm rõ lịch trình di chuyển đầy “bí ẩn” mà chính Tùng đang tìm mọi cách giấu kín”.
Trong quá trình truy vết ban đầu, Tùng không hợp tác, quanh co, bất nhất về lời khai. Tuy nhiên, thu thập các thông tin từ nhiều mũi trinh sát và bằng kinh nghiệm dày dạn của các điều tra viên, Tùng đã phải thừa nhận bản thân đã xuất cảnh trái phép sang Lào, rồi lại nhập cảnh trái phép vào Việt Nam. Tuy nhiên, thời điểm này, đối tượng vẫn chưa khai cặn kẽ lịch trình đi lại của mình.
Một mặt đấu tranh trực tiếp với đối tượng, lực lượng Công an TP Hải Dương cũng phối hợp với các phòng nghiệp vụ của Công an tỉnh, phối hợp với Cơ quan đại diện Bộ Công an Việt Nam tại Lào.
Dưới sự giúp đỡ, phối hợp của lực lượng Cảnh sát Lào, đại diện Bộ Công an Việt Nam tại Lào đã tiến hành làm việc và tiếp cận được với Đ.A.T. (anh họ của Tùng đang sống tại Lào) để trực tiếp điều tra, thu thập chứng cứ, tài liệu liên quan đến vụ án.
Sau một thời gian tích cực vào cuộc điều tra, mở rộng, thu thập chứng cứ đến nay Cơ quan CSĐT Công an TP Hải Dương đã ra quyết định khởi tố bị can, bắt tạm giam 3 tháng đối với Đào Duy Tùng về tội “Làm lây lan dịch bệnh truyền nhiễm nguy hiểm cho người”.
Biết có thể đã nhiễm bệnh vẫn đi khắp nơi
Sau khi bị khởi tố, bắt giam, Đào Duy Tùng đã gửi lời xin lỗi cộng đồng vì đã khai báo gian dối hành tung, gây khó khăn cho lực lượng chức năng trong việc điều tra, truy vết COVID-19. Từ đây hành trình di chuyển phức tạp của Tùng được làm rõ.
Theo đó, cuối tháng 3/2021, Tùng liên lạc với anh họ là Đ.A.T (SN 1979, có hộ khẩu thường trú tại phường Nhị Châu, TP Hải Dương) hiện đang sống ở Viêng Chăn (Lào) để hỏi cách sang Lào làm việc.
Sau đó vài ngày, Tùng bắt xe khách từ TP Hải Dương đi Quảng Trị. Đến 3h30 ngày hôm sau, Tùng liên lạc được với một người đàn ông khoảng 40 tuổi (không rõ tên, địa chỉ) đưa Tùng sang Lào. Sau đó, người này bịt mắt Tùng và đưa lên xe ô tô, di chuyển khoảng 5 giờ thì qua biên giới đến Lào, sau đó di chuyển sang 1 xe khác , đi tiếp khoảng 10 giờ thì đến Viên Chăn, chỗ Đ.A.T. sinh sống.
Tùng gặp Đ.A.T và ở cùng phòng trọ với anh này. Tại khu trọ. Tùng tiếp xúc với nhiều người Việt và Lào. Thời điểm này, dịch bệnh COVID-19 ở Lào đang diễn biến phức tạp. Gần 1 tháng không tìm được công việc phù hợp, tối 22/4, Tùng lại vượt biên nhập cảnh trái phép về Việt Nam.
Hai ngày đêm trên hành trình rời Lào, Tùng di chuyển qua một chặng xe khách, trung chuyển sang xe con, rồi lên xe đầu kéo để đi tiếp đến gần biên giới. Sau đó, Tùng được đưa lên thùng container rồi đóng kín cửa, đi thêm 4 tiếng nữa, dừng lại khoảng 40 phút để thông hành qua một trạm kiểm soát, chiều 22/4, Tùng về đến đất Việt Nam.
Ngày 23/4, Tùng về đến Hải Phòng và ở tại khách sạn Tường Vy 2, sau đó chuyển sang khách sạn Blue Sea cùng bạn gái là N.T.T (SN 2000, ở Gia Lộc, TP Hải Dương, là nhân viên bar New KTV ở Hải Phòng).
Đến đêm 29, rạng sáng 30/4, Tùng có biểu hiện ho khan, rát cổ, N.T.T đã đi mua thuốc và thuê nhân viên y tế đến khách sạn truyền nước cho T. nhưng không thấy đỡ. Trong thời gian này, T. liên lạc với Đ.A.T thì được biết ở khu trọ bên Viên Chăn có khoảng 4-5 người từng tiếp xúc với Tùng đã bị nhiễmCOVID-199.
Biết mình có thể đã nhiễm COVID-19, chiều 4/5, Tùng và N.T.T bắt xe về TP Hải Dương, thuê phòng tại khách sạn Sun Hotel và đi lấy mẫu xét nghiệm, đến sáng 5/5 thì có kết quả dương tính. Chiều 6/5, N.T.T cũng có kết quả dương tính với SARS-CoV-2. Đến sáng 8/5, xác định thêm 1 trường hợp là P.P.T (trọ cùng khu với N.T.T) dương tính với COVID-19.
Đáng nói, khi có biểu hiện nhiễm bệnh, biết mình có thể bị mắc COVID-19, Tùng vẫn đi nhiều nơi, gặp nhiều người, đến cả những nơi đông người như chùa Tam Chúc, siêu thị BigC Hải Dương, chi nhánh ngân hàng MB, ngân hàng Vietcombank… Tùng đã trở thành ca “siêu lây nhiễm”, trực tiếp và gián tiếp lây bệnh cho hơn 30 người, tạo nên những ổ dịch ở TP Hải Dương, Hải Phòng.
Sau 7 ngày phá án, Công an TP Hải Dương xác định rõ Tùng lây bệnh từ Lào, căn cứ để Hải Dương thực hiện các biện pháp chống dịch phù hợp.
Ngay sau khi phá chuyên án, Công an tỉnh Hải Dương đã cùng với các lực lượng nghiệp vụ và cán bộ của Trung tâm Y tế TP Hải Dương đã tiếp nhận, giám sát công dân Đ.A.T bị nước bạn Lào trục xuất vì nhập cảnh trái phép sang Lào và cư trú bất hợp pháp tại Thủ đô Viêng Chăn. Đoàn công tác Công an Hải Dương cùng các lực lượng phối hợp đã đón Đ.A.T từ cửa khẩu Cầu Treo, tỉnh Hà Tĩnh về cách ly y tế tại Đại học Hải Dương (xã Liên Hồng, TP Hải Dương). Sau khi hoàn thành cách ly Đ.A.T, Công an TP Hải Dương sẽ tiếp tục điều tra, mở rộng để xử lý theo quy định của pháp luật.”",Covid
"“Thêm 16 ca nghi nhiễm COVID-19 ở TP.HCM
Trong số 16 ca nghi nhiễm COVID-19 mới ở TP.HCM có 15 trường hợp F1 đã được cách ly từ trước. 1 trường hợp phát hiện khi đi khám tại bệnh viện.
Sáng 5/6, Trung tâm Kiểm soát bệnh tật TP.HCM (HCDC) cho biết, thành phố ghi nhận thêm 16 trường hợp nghi nhiễm COVID-19 (đang chờ Bộ Y tế công bố).
Trong các ca nghi nhiễm này, 15 trường hợp là tiếp xúc gần với bệnh nhân đã được cách ly từ trước nên không có khả năng lây nhiễm tiếp cho cộng đồng. 1 trường hợp còn lại phát hiện trong cộng đồng khi đi khám tại bệnh viện. Trường hợp này đang điều tra, xác minh nguồn lây. 
Theo HCDC, trước đó, tính từ 18h ngày 4/6 đến 6h ngày 5/6, thành phố ghi nhận thêm 10 trường hợp nhiễm mới với mã số bệnh nhân BN8355-BN8364. Trong số ca bệnh này có 8 trường hợp liên quan đến chuỗi lây nhiễm Hội thánh truyền giáo Phục Hưng đã được cách ly từ trước, 2 trường hợp là F1 của 2 bệnh nhân đang điều tra, xác minh nguồn lây.
HCDC cho hay, thành phố đã khoanh vùng, truy vết chuỗi lây nhiễm liên quan đến hội thánh truyền giáo để cách ly nguồn lây, tình hình đang được kiểm soát. Dịch bệnh đợt này có tính chất lây nhiễm rất nhanh nên công tác truy vết sẽ triển khai đến các tiếp xúc vòng 3, đặc biệt là những tiếp xúc rất gần với F2.
Tính từ 27/4, TP.HCM ghi nhận 324 ca COVID-19 (Bộ Y tế đã công bố), hiện đứng thứ 4 cả nước về số ca COVID-19 cộng đồng trong đợt dịch này. Trong đó, ổ dịch Hội thánh Truyền giáo Phục Hưng lớn nhất từ trước đến nay, được phát hiện từ ngày 26/5.”",Covid
"“Thêm 75 ca mắc COVID-19 trong nước, riêng TP.HCM 10 ca
Bộ Y tế cho biết, sáng nay (5/6), có thêm 75 ca mắc COVID-19 trong nước tại Bắc Giang, Bắc Ninh, TP.HCM và Hà Nam.
Sáng nay (5/6), Việt Nam có 77 ca mắc mới COVID-19 mới, mã số bệnh nhân từ 8288-8364, trong đó có 2 ca cách ly ngay sau khi nhập cảnh tại Tây Ninh.

75 ca ghi nhận trong nước tại Bắc Giang (45 ca), Bắc Ninh (19 ca), TP. Hồ Chí Minh (10 ca), Hà Nam (1 ca).

Đến nay, Việt Nam có tổng cộng 6.819 ca ghi nhận trong nước và 1.545 ca nhập cảnh.

Số lượng ca mắc mới tính từ ngày 27/4 đến nay là 5.249 ca.

Các tỉnh, thành đã trải qua 14 ngày không ghi nhận trường hợp mắc mới là: Yên Bái, Quảng Ngãi, Đồng Nai, Nghệ An, Quảng Ninh, Quảng Nam, Quảng Trị, Thừa Thiên Huế, Nam Định, Hòa Bình, Tuyên Quang, Phú Thọ, Sơn La.
Chi tiết 75 ca mắc COVID-19 ghi nhận trong nước sáng 5/6:
Bắc Giang: 45 ca
45 ca ở Bắc Giang ghi nhận tại khu cách ly và khu vực đã được phong tỏa, liên quan đến công nhân làm tại các khu công nghiệp.
Bắc Ninh: 19 ca
Trong số 19 ghi nhận tại tỉnh Bắc Ninh có 2 ca là F1, 10 ca liên quan đến ổ dịch Khu công nghiệp Khắc Niệm, 7 ca liên quan đến ổ dịch Khu công nghiệp Quế Võ.
TP.HCM: 10 ca
Trong số 10 ca ghi nhận tại TP. Hồ Chí Minh có 2 ca là F1, 8 ca liên quan đến Hội thánh Truyền giáo Phục Hưng.
Hà Nam: 1 ca
1 ca ghi nhận ở Hà Nam là nam, 31 tuổi, địa chỉ tại huyện Lý Nhân, tỉnh Hà Nam; là F1 của bệnh nhân 4141, đã được cách ly.
Tại TP.HCM, ổ dịch liên quan đến nhóm truyền giáo Phục Hưng vẫn diễn biến phức tạp. Số ca mắc giảm dần, nhưng tình hình chưa có dấu hiệu hạ nhiệt do xuất hiện ca lây nhiễm chưa rõ nguồn lây.
Tại Bắc Giang, Bắc Ninh vẫn tiếp tục ghi nhận ca mắc. Tuy nhiên, số ca mắc chủ yếu trong điểm phong tỏa, liên quan khu công nghiệp.
Về tình hình điều trị, đến nay Việt Nam có 51 ca tử vong do liên quan đến COVID-19.
Ca tử vong gần đây nhất được Bộ Y tế công bố tối 4/6 là bệnh nhân có mã số 3153, nam, 63 tuổi, có địa chỉ huyện Thanh Miện, tỉnh Hải Dương. Trong ngày 4/6, có 2 ca tử vong do liên quan đến COVID-19.
Số ca điều trị khỏi đến nay là 3.242 ca.
Về thông tin tiêm chủng, hết ngày 4/6, cả nước có thêm 60.701 người được tiêm chủng vắc-xin phòng COVID-19.
Tính đến 16 giờ ngày 4/6, tổng cộng đã thực hiện tiêm vắc-xin phòng COVID-19 đợt 1 và 2 tại các tỉnh/TP với 1.217.607 liều. Trong đó, số người đã được tiêm đủ 2 mũi vắc-xin phòng COVID-19 là 32.401 người.
Số ca mắc COVID-19 trên thế giới đến 6h ngày 5/6, cả thế giới có 173.251.174 ca mắc, trong đó 3.725.685 ca tử vong.
Trong 24 giờ qua, số ca mắc của thế giới tăng 356.448 ca, tử vong tăng 8.802 ca.”",Covid
"“Tối 4/6, công bố thêm 92 ca mắc COVID-19
Bộ Y tế công bố thêm 92 ca mắc COVID-19 vào tối 4/6, trong đó có 87 ca mắc trong nước.
Tối 4/6, Bộ Y tế công bố thêm 92 ca mắc COVID-19, trong đó có 5 ca cách ly ngay sau khi nhập cảnh tại Tây Ninh (4), Kiên Giang (1).
87 ca còn lại ghi nhận trong nước tại Bắc Giang (62), Bắc Ninh (10), TP Hồ Chí Minh (15).
Thông tin 87 ca ghi nhận trong nước tối 4/6:
Bắc Giang: 62 ca
Tất cả các bệnh nhân (BN) ghi nhận tại tỉnh Bắc Giang đều ở trong khu cách ly và khu vực đã được phong tỏa, liên quan đến công nhân làm tại các khu công nghiệp.
TP. Hồ Chí Minh: 15 ca
BN8242-BN8256 ghi nhận tại TP. Hồ Chí Minh, trong đó có 13 ca liên quan đến Hội thánh Truyền giáo Phục Hưng, 1 ca là F1 của BN4514, 1 ca đang điều tra dịch tễ.
Bắc Ninh: 10 ca
Trong đó có 2 ca là F1 của BN5156, 4 ca liên quan đến ổ dịch Đại Phúc, 2 ca liên quan đến ổ dịch Khu công nghiệp Khắc Niệm, 1 ca liên quan đến ổ dịch Khu công nghiệp Quế Võ, 1 ca liên quan đến ổ dịch Khu công nghiệp Vân Trung.
Như vậy, trong ngày 4/6, Việt Nam ghi nhận thêm 224 ca mắc mới (sáng 52 ca, trưa 80 ca, tối 92 ca). Số ca cách ly ngay sau khi nhập cảnh là 4 ca tại Tây Ninh (4), Kiên Giang (1). 219 ca ghi nhận trong nước tại Bắc Giang (141), Bắc Ninh (47), TP. Hồ Chí Minh (26), Hà Nội (4), Thái Bình (1) trong đó có 212 ca mắc mới phát hiện trong khu cách ly hoặc khu vực đã được phong tỏa.
Tính đến 18h ngày 4/6, Việt Nam có tổng cộng 6.744 ca mắc COVID-19 ghi nhận trong nước và 1.543 ca nhập cảnh. Số lượng ca mắc mới tính từ ngày 27/4 đến nay là 5.174 ca.”
Có 13 tỉnh (Yên Bái, Quảng Ngãi, Đồng Nai, Nghệ An, Quảng Ninh, Quảng Nam, Quảng Trị, Thừa Thiên Huế, Nam Định, Hòa Bình, Tuyên Quang, Phú Thọ, Sơn La) đã qua 14 ngày không ghi nhận trường hợp mắc mới.
Ngày 4/6, Bộ Y tế công bố 157 bệnh nhân khỏi bệnh.
Cùng ngày, Tiểu ban điều trị Ban chỉ đạo Quốc gia phòng, chống dịch COVID-19 thông báo ca tử vong số 50 liên quan đến COVID-19. Bệnh nhân có mã số 3780, nam 67 tuổi, có địa chỉ tại Giao Thuỷ, Nam Định.
Bệnh nhân được chẩn đoán tử vong do sốc nhiễm khuẩn, suy đa tạng, nhiễm trùng huyết trên nền bệnh nhân ung thư phổi di căn não, mắc COVID-19. Đây là ca thứ 50 tử vong do liên quan đến COVID-19 tại Việt Nam và cũng là ca tử vong thứ 15 trong đợt dịch này.
Bộ Tài chính cho biết, theo số liệu cập nhật của Ban Quản lý Quỹ vắc xin phòng COVID-19, lũy kế đến 16h ngày 3/6, Quỹ vắc xin phòng COVID-19 đã tiếp nhận số tiền 104 tỷ đồng ủng hộ, đóng góp từ các tổ chức và cá nhân trong và ngoài nước.
Sự kiện ra mắt Quỹ vắc xin phòng COVID-19 dự kiến sẽ được tổ chức vào lúc 20h10 phút ngày 5/6/2021, tại Hà Nội. Thủ tướng Phạm Minh Chính, cùng lãnh đạo MTTQ Việt Nam, các bộ, ngành, các đoàn thể chính trị xã hội, đại diện người dân và cộng đồng doanh nghiệp sẽ tham dự sự kiện quan trọng và có ý nghĩa đặc biệt này.”",Covid
"“Rộ tin đồn ông Trump sắp được phục chức Tổng thống Mỹ
Cựu Tổng thống Mỹ Donald Trump được cho là nói với người ủng hộ rằng ông sẽ quay lại nắm quyền vào tháng 8 tới, theo một phóng viên của tờ New York Times.
""Ông Trump đã nói với nhiều người mà ông vẫn giữ liên lạc rằng ông hi vọng sẽ được phục chức Tổng thống vào tháng 8"", phóng viên của tờ New York Times, Maggie Haberman đăng trên Twitter hôm 1.6, theo Fox8.
Haberman là người thường tiết lộ các thông tin chấn động dưới thời chính quyền Tổng thống Donald Trump và thường xuyên đưa tin về ông Trump trong một thập kỷ qua.
Haberman nhắc đến vấn đề ông Trump có thể quay trở lại nắm quyền trong hội nghị QAnon ở Dallas cuối tuần qua. Sidney Powell, cựu luật sư của Trump, cũng nói với đám đông rằng ông có thể dễ dàng được phục chức và ""ngày tuyên thệ nhậm chức mới đã được ấn định"".
Giả thuyết Trump được phục chức do Mike Lindell, CEO công ty sản xuất gối MyPillow khởi xướng. Lindell từng nhiều lần tuyên bố Trump sẽ quay lại Nhà Trắng vào cuối tháng 8, sau khi đã thu thập đủ bằng chứng về gian lận bầu cử.
Theo Lindell, tháng 8 là thời điểm ông Trump nộp lên Tòa án Tối cao những bằng chứng gian lận bầu cử, từ đó buộc các thẩm phán phải hủy kết quả bầu cử năm 2020.
Theo Business Insider, giả thuyết về việc ông Trump được phục chức vào một ngày nhất định đang tiếp tục lan rộng hơn nữa trong hàng ngũ người ủng hộ ông Trump nhiệt thành nhất.
Tuy nhiên, hiến pháp Mỹ đã quy định rõ những cách để có thể trở thành Tổng thống. Ông Trump không còn giữ chức vụ trong chính quyền, không phải là người thay thế Tổng thống Joe Biden trong trường hợp ông Biden không thể đảm đương nhiệm vụ hoặc bị phế truất.
Cuộc bầu cử Tổng thống Mỹ tiếp theo chỉ có thể diễn ra vào năm 2024. Trước khi ông Biden tuyên thệ nhậm chức, ông Trump và các đồng minh đã cố gắng nộp đơn kiện, chứng minh có gian lận bầu cử ở nhiều bang chiến địa nhưng bất thành.”",Donald Trump
"“Hành động bí mật với phóng viên của Bộ Tư pháp Mỹ thời ông Trump bị hé lộ
Chính quyền ông Biden hôm 2/6 (giờ Mỹ) tiết lộ, Bộ Tư pháp Mỹ dưới thời ông Trump đã bí mật thu giữ các bản ghi âm điện thoại của 4 phóng viên tờ New York Times trong khoảng 4 tháng của năm 2017.
Theo New York Times, đây là thông tin mới nhất trong những lần tiết lộ về việc chính quyền Mỹ thời ông Donald Trump âm thầm thu gom các hồ sơ liên lạc của phóng viên báo chí, trong nỗ lực tìm kiếm thông tin từ họ. 
Tháng trước, Bộ Tư pháp Mỹ (DOJ) dưới thời Tổng thống Joe Biden đã tiết lộ, DOJ dưới thời ông Trump đã kiểm soát ""hồ sơ điện thoại"" (ghi lại ngày tháng, nội dung cuộc gặp) của các phóng viên làm việc cho tờ Washington Post và ""hồ sơ điện thoại"", email của một phóng viên CNN. 
Dean Baquet, Tổng biên tập tờ New York Times, lên án hành động của DOJ dưới thời ông Trump.
""Việc thu giữ các bản ghi âm điện thoại của phóng viên vi phạm quyền tự do báo chí"", ông Baquet nói. ""Hành động này có thể khiến các nguồn tin không dám lên tiếng, cung cấp cho công chúng những thông tin cần thiết về những điều mà chính phủ đang làm"". 
Tháng 5, sau khi vụ việc kiểm soát ""hồ sơ điện thoại"" của các phóng viên CNN và Washington Post được hé lộ, ông Biden cho biết sẽ không cho phép DOJ dưới thời của ông lặp lại hành động tương tự, gọi đó là ""hành động sai lầm"".
Nhắc đến tuyên bố của Tổng thống Biden, ông Baquet nói thêm: ""Tổng thống Biden đã nói rằng, hành động này với các phóng viên sẽ không được dung thứ trong chính quyền của ông. Chúng tôi đang chờ lời giải thích từ phía DOJ và các bước để hành động này không lặp lại trong tương lai"".”",Donald Trump
"“Bộ trưởng của ông Biden khen ngợi chính quyền ông Trump
Lý do mà Bộ trưởng này đưa ra có liên quan tới các lệnh áp thuế được đưa ra khi ông Trump còn đương nhiệm.
Hãng RT hôm 7/4 đưa tin, Bộ trưởng Thương mại Mỹ Gina Raimondo nói với các phóng viên rằng, một số lệnh áp thuế do chính quyền ông Trump đưa ra đã giúp người Mỹ có việc làm. Điều này có thể được duy trì dưới thời ông Biden để đối phó với Trung Quốc. 
""Vẫn có chỗ cho các lệnh áp thuế trong chính sách của Bộ Thương mại"", bà Raimondo nói với nhóm báo chí Nhà Trắng hôm 7/4. Bộ trưởng Thương Mại Mỹ còn nói thêm rằng, ""mức thuế áp dụng cho thép và nhôm thực tế đã giúp người Mỹ trong các ngành công nghiệp này có việc làm"". 
Trong tuyên bố trên, bà Raimondo muốn nhắc tới Mục 232 của đạo luật mở rộng thương mại Mỹ năm 1962. Theo đó, chính quyền ông Trump đã áp mức thuế 25% với thép và 10% với nhôm nhập khẩu vào năm 2018. Úc được miễn áp thuế, trong khi Canada và Mexico cũng được loại bỏ áp thuế vào tháng 5/2019 như một phần của việc thiết lập thỏa thuận thương mại USMCA mới. 
Gọi các hoạt động kinh tế của Trung Quốc là ""thiếu tính cạnh tranh, ép buộc, thiếu trung thực và không công bằng, bà Raimondo cho biết sẽ sử dụng mọi cách để bảo vệ công nhân Mỹ khỏi ảnh hưởng từ Bắc Kinh. 
Đây không phải lần đầu tiên Bộ trưởng Thương mại Mỹ bảo vệ việc áp thuế nhôm và thép nhập khẩu. Trong cuộc phỏng vấn tháng trước với MSNBC, bà Raimondo khen ngợi rằng các lệnh áp thuế này ""hiệu quả"". 
Hiện tại, chính quyền ông Biden vẫn đang cân nhắc các mức áp thuế được áp dụng từ thời ông Trump. Tuy nhiên, Bộ Thương mại Mỹ dưới thời ông Biden đã áp đặt mức thuế mới với nhôm cách đây 18 tháng.
Dù nhiều thành viên đảng Dân chủ chỉ trích việc ông Trump dùng thuế quan làm công cụ đàm phán, nhưng chính quyền ông Biden đã một lần làm điều tương tự. Tuần trước, văn phòng đại diện thương mại Mỹ đã dọa đáp trả Anh bằng việc áp thuế sau khi London đưa ra mức thuế 2% với doanh thu từ người dùng Anh của các công ty kỹ thuật số - động thái chủ yếu ảnh hưởng đến các ""ông lớn"" công nghệ có trụ sở tại Mỹ. 
Trong khi chính quyền ông Biden công khai từ chối hầu hết chính sách dưới thời ông Trump, nhưng không phải tất cả. Theo RT, việc áp thuế là minh chứng rõ nhất.”",Donald Trump
"“Ông Trump nói gì khi xem video ông Biden vấp ngã liên tục?
Sau khi video ông Biden liên tục vấp ngã khi lên cầu thang của chuyên cơ Không Lực Một được chia sẻ rộng rãi, ông Trump đã lên tiếng về sự cố của người kế nhiệm.
Từ khu nghỉ dưỡng Mar-a-Lago, ông Trump mỉa mai ông Biden vì vấp ngã nhiều lần trên bậc thang của Không Lực Một.
""Tôi đã xem video lúc ông Biden bước lên các bậc thang và tôi nói: 'Tôi chắc chắn làm tốt hơn ông ấy ở khoản đó'"", cựu Tổng thống Mỹ nói.
Sau đó, ông Trump tiếp tục nêu quan điểm cho rằng cuộc bầu cử Tổng thống Mỹ 2020 được dàn dựng có lợi cho ông Biden, khi ông Trump bị cấm sử dụng các nền tảng truyền thông xã hội lớn và bị Hạ viện luận tội sau cuộc bạo loạn ở Điện Capitol hôm 6/1.
""Gần 75 triệu phiếu bầu và có lẽ thực tế còn nhiều hơn thế nữa"", ông Trump đề cập đến số phiếu chính thức mà ông nhận được trong cuộc bầu cử năm 2020. Đây là con số cao nhất so với bất kỳ Tổng thống Mỹ nào ra tái tranh cử.
Cựu Tổng thống Mỹ nhiều lần khẳng định các lá phiếu từ những người ủng hộ của ông đã bị gạt bỏ, trong khi ông Biden lại được kiểm đếm các lá phiếu mà ông Trump cho là ""không hợp lệ"". Tuy nhiên, không có hành vi gian lận cử tri nào ở quy mô lớn được chứng minh. Chiến dịch pháp lý thách thức kết quả bầu cử của ông Trump cũng thất bại ê chề. 
Ông Biden đối mặt với làn sóng chế giễu hôm 19/3 sau khi video quay cảnh ông vấp ngã liên tục 3 lần trên cầu thang Không Lực Một được chia sẻ rộng rãi. 
Sau sự cố, Nhà Trắng cho biết Tổng thống Mỹ không cần phải chăm sóc y tế và cho rằng gió lớn là lý do khiến ông Biden vấp ngã. 
""Khi đó, bên ngoài gió rất lớn. Tôi cũng suýt bị ngã khi bước lên bậc thang. Tổng thống hiện vẫn ổn"", phó Thư ký báo chí Nhà Trắng, Karine Jean-Pierre, cho biết.”",Donald Trump
"“Ông Trump tụt gần 300 bậc trong danh sách tỷ phú thế giới
Ông Trump đã tụt từ vị trí số 1.001 xuống vị trí thứ 1.299 trong Danh sách tỷ phú năm 2021 của Forbes. Đại dịch đã ""tấn công"" công việc kinh doanh bất động sản thương mại - động lực thúc đẩy doanh thu lớn nhất của cựu tổng thống Mỹ.
Cựu tổng thống Mỹ Donald Trump đã giảm 298 bậc trong danh sách tỷ phú của Forbes được công bố vừa qua.
Ông Trump đứng ở vị trí thứ 1.001 vào năm 2020 và hiện giữ vị trí thứ 1.299 trong danh sách xếp hạng các tỷ phú thế giới 2021. Như Forbes lưu ý, ông Trump đã thực sự trở nên giàu có hơn kể từ thời điểm này năm ngoái, nhưng những người khác trong danh sách có được vận may lớn hơn trong năm vừa qua. Theo ước tính của Forbes, tài sản của ông Trump trị giá 2,4 tỷ USD.
Đại dịch - cũng như những tranh cãi xung quanh những cáo buộc chống lại ông và những kẻ phạm tội chính trị khác - đã làm suy yếu hoạt động kinh doanh bất động sản thương mại của cựu tổng thống. Khoảng 75% thu nhập của ông đến từ tài sản bất động sản thương mại, bao gồm cả doanh thu từ các khu nghỉ dưỡng và câu lạc bộ chơi gôn, theo Bloomberg’s Billionaires Index.
Đặc biệt, các bất động sản ở Manhattan của ông mang lại một phần lớn doanh thu nhưng đã bị gián đoạn bởi thị trường bất động sản ở New York trong thời gian qua.
Trong 4 năm ông Trump làm tổng thống, giá trị tài sản ròng của ông đã giảm 700 triệu USD, từ 3 tỷ USD xuống còn 2,3 tỷ USD. Ông là tỷ phú đầu tiên trong lịch sử giữ chức vụ tổng thống Hoa Kỳ.
Năm ngoái, ông Trump cũng tụt 77 bậc trong bảng xếp hạng 400 người Mỹ giàu nhất của Forbes - tài sản ròng của ông đạt 600 triệu USD trong khoảng thời gian từ tháng 9/2019 đến tháng 9/2020. Nhà đầu tư tỷ phú Warren Buffett cũng gặp khó khăn trong thời gian đại dịch và giảm 7,3 tỷ USD tài sản.
Các cá nhân có trong Danh sách tỷ phú năm 2021 của Forbes có tổng tài sản trị giá 13,1 nghìn tỷ USD, hầu hết cư trú ở Mỹ. Dù các công ty gặp nhiều thất bại, Forbes báo cáo rằng trung bình cứ 14 giờ lại có một tỷ phú mới xuất hiện trong suốt năm ngoái.”",Donald Trump
"“Ông Donald Trump kêu gọi tẩy chay nhiều tập đoàn
Cựu Tổng thống Mỹ Donald Trump kêu gọi Đảng Cộng hòa và phe bảo thủ tẩy chay một số công ty trong bối cảnh tranh cãi xung quanh luật bỏ phiếu mới.
Sự kiện: Donald Trump
Trong tuyên bố đưa ra hôm 3-4, cựu Tổng thống Mỹ Donald Trump cho rằng các thành viên Đảng Dân chủ đã ""chơi bẩn"".
Ông Trump kêu gọi Đảng Cộng hòa đáp trả với lợi thế người đông và thúc giục tẩy chay các tập đoàn như Liên đoàn Bóng chày Mỹ, Coca-Cola, hãng hàng không Delta Air Lines và Citigroup, Ngân hàng JPMorgan Chase, Tập đoàn truyền thông ViacomCBS, Cisco, dịch vụ bưu chính UPS và công ty dược Merck.
Các công ty và tổ chức này bị ông Trump kêu gọi tẩy chay vì đã công khai lên án luật SB 202 của Georgia được Thống đốc Brian Kemp thuộc Đảng Cộng hòa ký hồi tháng 3 và các dự luật về bầu cử khác đang được xem xét ở nhiều tiểu bang của Mỹ.
Liên đoàn Bóng chày Mỹ (MLB) trong tuần qua thông báo dời trận đấu All-Star Game khỏi bang Georgia để phản đối luật bầu cử nói trên. Ông Trump đã trực tiếp kêu gọi tẩy chay MLB vài giờ sau khi động thái này được công bố.
Theo tờ The Hills, luật SB 202 hạn chế việc sử dụng thùng bỏ phiếu, yêu cầu giấy tờ tùy thân có hình đối với người bỏ phiếu qua thư và cấm giao đồ ăn thức uống trong vòng 45 m từ điểm bỏ phiếu, bao gồm cả những người đang xếp hàng chờ bỏ phiếu.
Các thành viên Đảng Dân chủ và những người chỉ trích đạo luật cho rằng nó dẫn đến sự hạn chế cử tri, đặc biệt là đối với các cộng đồng da màu.
Lặp lại lời chỉ trích này, Giám đốc điều hành Delta Air Lines Ed Bastian lên án luật này trong thư gởi cho nhân viên khi cho rằng luật có những điều khoản gây khó khăn thêm cho cử tri bỏ phiếu qua thư, đặc biệt cử tri gốc Phi, trong việc thực hiện quyền bầu cử theo hiến pháp của họ. Lãnh đạo Ngân hàng Citibank cũng công khai phản đối luật.
Georgia là bang mà Tổng thống Joe Biden đã chiến thắng ông Trump với tỉ lệ sít sao trong cuộc bầu cử vào năm 2020, trở thành ứng viên Đảng Dân chủ đầu tiên thắng cử tại bang này từ năm 1992.”",Donald Trump
"“Bất ngờ số phận chiếc máy bay Boeing dát vàng của ông Trump
Từng là biểu tượng cho sự giàu có của cựu Tổng thống Donald Trump, chuyên cơ Boeing 757 với nội thất dát vàng đang bị bỏ quên tại một sân bay ở New York.
Trước khi đắc cử tổng thống, ông Trump nhắc đến chuyên cơ riêng là mẫu máy bay Boeing 757, như minh chứng cho sự giàu có. Trong giai đoạn tranh cử, ông Trump sử dụng nó làm bối cảnh cho các buổi chụp hình và dùng để bay đến các địa điểm vận động tranh cử, theo CNN.
Chiếc Boeing 757 của ông Trump sử dụng dao và nĩa mạ vàng. Máy bay có những chiếc ghế da màu kem, phòng tắm dát vàng, thậm chí khóa dây an toàn ở ghế cũng được dát vàng 24 karat.
Nhưng hiện nay, chiếc máy bay là niềm tự hào của ông Trump đang bị bỏ quên tại một sân bay ở hạt Organce, New York, cách phía bắc Manhattan khoảng 96km. Một động cơ máy bay bị thiếu bộ phận. Động cơ còn lại được bọc trong nylon bảo vệ.
Chi phí bảo dưỡng, sửa chữa máy bay có thể lên tới 6 con số, tức là hàng triệu USD. Đây là khoản tiền lớn mà ông Trump dường như chưa muốn thanh toán ở thời điểm hiện tại.
Ông Trump đang gặp nhiều khó khăn trong lĩnh vực kinh doanh bất động sản, nhà hàng và khách sạn vì ảnh hưởng của đại dịch Covid-19.
Dữ liệu chuyến bay do phóng viên CNN thu thập, cho thấy chiếc Boeing 757 chưa từng bay kể từ sau ngày ông Trump nhậm chức năm 2017. Đó là khi ông Trump chuyển sang sử dụng chuyên cơ Không lực Một.
Thay vì sử dụng chiếc Boeing 757, ông Trump gần đây đáp chuyến bay tới New York bằng chiếc máy bay cỡ nhỏ Cessna 750 Citation X, sản xuất năm 1997.
“Máy bay nhỏ không phải là thứ mà ông Trump ưa thích”, một cựu quan chức Nhà Trắng, nói. Chiếc Cessna 750 chỉ có 8 chỗ ngồi và dĩ nhiên không thể đem đến cảm giác thoải mái như ngồi trên chuyên cơ 757.
Nói về nguyên nhân ông Trump chưa sử dụng lại chiếc Boeing 757, một cựu quan chức giấu tên nói: “Để đưa thứ đó bay lên trời là rất tốn kém. Chỉ cần cất cánh máy bay rồi hạ cánh cũng đã tiêu tốn hàng chục ngàn đô la”.
Theo David Soucie, chuyên gia phân tích hàng không của CNN, chi phí cho mỗi giờ bay chiếc Boeing 757 là từ 15.000-18.000 USD. Nhưng đó là khi máy bay ở trong tình trạng tốt.
Chiếc Boeing 757 của ông Trump đã ngừng bay trong nhiều năm, cần phải bảo dưỡng toàn diện. “Máy bay và động cơ đã cũ, chi phí bảo dưỡng, sửa chữa vì thế cũng rất đắt đỏ”, Soucie nói. “Các hãng hàng không thậm chí còn không muốn dùng Boenig 757 nữa vì đã có nhiều loại máy bay khác hoạt động với chi phí tiết kiệm hơn”.
“Riêng chi phí sửa chữa động cơ cho máy bay của ông Trump đã lên tới hàng triệu USD”, Soucie đánh giá. “Trong tình huống xấu nhất, toàn bộ động cơ phải thay thế nếu ông Trump muốn chiếc Boeing 757 bay được trở lại”.
Ông Trump có thể chọn cách bán lại máy bay. Nhưng không như bất động sản, máy bay là tài sản khấu hao, dù có dát vàng sang trọng đến mấy thì giá trị cũng không còn được như khi xuất xưởng vào năm 1991.
Theo một bộ phim tài liệu về ông Trump, cựu Tổng thống Mỹ đã chi 100 triệu USD cho chiếc Boeing 757. Chiếc máy bay này hiện nay nếu bán lại cùng lắm chỉ được 10 triệu USD.
Hiện chưa rõ ông Trump sẽ làm gì với chiếc Boeing 757. Nhưng cựu Tổng thống Mỹ là người không muốn có ngày phải ngồi máy bay thương mại.
“Nếu như phải dùng máy bay thương mại và lựa chọn ở nhà, tôi nghĩ ông Trump sẽ chọn ở nhà”, cựu quan chức Nhà Trắng nói với CNN.”

",Donald Trump
"“Số tài sản ông Trump ""bị mất"" trong 4 năm làm Tổng thống Mỹ
Cựu Tổng thống Mỹ Donald Trump mất gần một phần tư tài sản trong nhiệm kỳ làm tổng thống Mỹ ở Nhà Trắng, theo thống kê mới nhất trên bảng xếp hạng những người giàu nhất thế giới của Bloomberg.
Theo báo Mỹ Newsweek, khi lên nắm quyền vào năm 2017, ông Trump sở hữu khối tài sản khoảng 3 tỉ USD. Cựu Tổng thống Mỹ từng tuyên bố tài sản mình sở hữu nhiều hơn những gì mọi người từng biết.
Đến nay, Bloomberg ước tính ông Trump chỉ còn sở hữu khối tài sản 2,3 tỉ USD, giảm 700 triệu USD sau 4 năm. Bên cạnh đó, ông Trump còn khoản vay gần 600 triệu USD sẽ đến hạn thanh toán trong vòng 4 năm tới, hơn một nửa do cá nhân ông đứng ra bảo lãnh.
Trong thống kê mới nhất, Bloomberg nhấn mạnh sự suy thoái kinh tế do ảnh hưởng của đại dịch Covid-19, đã gây khó khăn cho chuỗi khách sạn, khu nghỉ dưỡng và cao ốc văn phòng của ông Trump, nhìn chung là có ảnh hưởng đến toàn bộ lĩnh vực khách sạn và bất động sản.
Việc ông Trump đưa ra tuyên bố gây sốc trong ngày người biểu tình tràn vào tòa nhà Quốc hội Mỹ hôm 6.1 lại càng khiến cựu Tổng thống mâu thuẫn với giới kinh doanh. Kết quả là nhiều ngân hàng đã hủy các khoản vay với ông Trump.
Phần lớn tài sản của ông Trump đến từ đế chế bất động sản. Bloomberg ước tính giá trị các bất động sản ông Trump sở hữu lên tới 1,7 tỉ USD. Nhưng trong lĩnh vực bất động sản, ông Trump vẫn đang nợ hơn 250 triệu USD.
Theo Bloomberg, Tập đoàn Trump không đưa ra bình luận về những thống kê mới nhất. So với Bloomberg, Forbes đánh giá ông Trump sở hữu khối tài sản lớn hơn một chút, ở mức 2,5 tỉ USD, xếp thứ 339 trên thế giới.
Năm 2016, ông Trump từng tuyên bố mình sở hữu khối tài sản hơn 10 tỉ USD, nhưng các chuyên gia và các tổ chức tài chính đánh giá ông Trump sở hữu khối tài sản thấp hơn.
Đây không phải là lần đầu tiên ông Trump gặp khó khăn trong lĩnh vực kinh doanh. Trong giai đoạn năm 1991-2009, các công ty thuộc sở hữu của ông Trump đã 6 lần nộp đơn xin phá sản.”",Donald Trump
"“Ông Trump: Không có tôi, người Mỹ còn lâu mới có vắc-xin
Cựu Tổng thống Mỹ Donald Trump muốn người Mỹ không quên thành tựu đảm bảo vắc-xin phòng Covid-19 của ông.
Sau một thời gian yên ắng, gần như không lên tiếng kể từ khi mãn nhiệm, gần đây, cựu Tổng thống Mỹ Donald Trump liên tục đưa ra bình luận, công khai chỉ trích chính quyền hiện tại trong khi ca ngợi thành tựu của chính quyền do mình đứng đầu.
Mới nhất, sau khi Tổng thống Mỹ đương nhiệm Joe Biden tuyên bố đặt thêm 100 triệu liều vắc-xin Johnson & Johnson (J&J) và thúc đẩy để 2 công ty J&J và Merck hợp tác sản xuất vắc-xin thành công, cựu Tổng thống Mỹ Donald Trump lập tức có bình luận.
Ông nói: “Khi mọi người tiêm vắc-xin Covid-19, tôi hy vọng mọi người nhớ, nếu tôi không làm Tổng thống thì có lẽ phải mất 5 năm các bạn mới được tiêm phòng. Đấy là kịch bản tốt nhất. Còn không, rất có thể chẳng bao giờ có vắc-xin”.
“Tôi hy vọng mọi người nhớ!” - ông Trump nhấn mạnh lần nữa.
Dưới thời Donald Trump, Nhà Trắng đã thực hiện “Chiến dịch Thần tốc” nhằm huy động toàn lực bào chế vắc-xin phòng COVID-19 với tốc độ nhanh nhất.
Ngoài ra, theo chiến dịch này, chính phủ Mỹ còn đầu tư vào các ""ứng viên"" vắc-xin tiềm năng đồng thời, quân đội Mỹ cũng làm việc với các quốc gia khác để phát triển mô hình điều tiết và huy động nguồn lực phân phối ngay khi vắc xin có sẵn.
Chiến dịch này đã được Giám đốc Viện Y tế Quốc gia Francis Collins nhận định có vai trò cực kỳ quan trọng.
Bản thân Tổng thống Mỹ Joe Biden, trong tuyên bố về lô vắc-xin mới ngày 10/3, cũng không quên ca ngợi những nỗ lực của chính quyền ông trong công tác đảm bảo nguồn cung vắc-xin và khẳng định Mỹ đang đi đúng hướng để có đủ nguồn cung vắc-xin cho tất cả người trưởng thành tại Mỹ tính đến cuối tháng 5 này - sớm hơn dự kiến vài tháng.”",Donald Trump
"“Hàng loạt vụ điều tra bủa vây ông Trump
Năm vụ điều tra đang hướng vào cựu Tổng thống Donald Trump, một dấu hiệu cho thấy những rắc rối pháp lý gia tăng khi ông không còn được hưởng sự bảo vệ của Phòng Bầu dục.
Sự kiện: Donald Trump
Ông Trump đang đối mặt với sự điều tra của các quan chức từ Georgia, New York tới Washington. Hầu hết những người này là thành viên đảng Dân chủ. Tuy nhiên, có 1 cuộc điều tra đáng chú ý do thành viên đảng Cộng hòa ở bang Georgia tiến hành.
1. Ông Trump bị điều tra tài chính
Mọi sự chú ý đang hướng về Công tố viên quận Manhattan (New York), ông Cyrus Vance. Ông này đã điều tra tình hình tài chính của ông Trump trong suốt 2 năm và dự kiến không tái tranh cử vị trí trên. Còn 10 tháng nữa là ông Vance hết nhiệm kỳ nên ông được cho là sẽ cố gắng kết thúc điều tra trong khoảng thời gian này.
Các công tố viên đã thẩm vấn các nhân chứng, ban hành trát đòi tài liệu từ những người cho vay, một nhà môi giới bảo hiểm và những người khác. Vào tuần trước, họ còn thuê 1 cựu công tố viên liên bang có chuyên môn điều tra tài chính phức tạp để nâng cao khả năng của nhóm.
Tuần trước, các công tố viên đã nhận được một loạt hồ sơ, bao gồm khai thuế, báo cáo tài chính và liên lạc giữa tập đoàn Trump Organization và Mazars, công ty kế toán lâu năm của ông Trump, sau khi Tòa án Tối cao cho phép ông Vance tiếp cận những hồ sơ này.
2. Một cuộc điều tra khác ở New York
Một trong những cái ""gai"" lớn nhất với ông Trump là Tổng chưởng lý bang New York Letitia James. Bà James từng tuyên bố sẽ điều tra mọi thứ liên quan đến ông Trump, từ các chính sách đến tài chính.
Bà James đã thật sự làm vậy khi thúc đẩy cơ quan lập pháp bang New York thông qua luật đóng lỗ hổng ân xá của tổng thống và kết thúc một vụ kiện do người tiền nhiệm của bà khởi xướng để dẫn đến việc giải thể quỹ Trump Foundation.
Văn phòng của bà đang ""đào sâu"" tình hình doanh nghiệp và tài chính cá nhân của ông Trump, tìm hiểu xem liệu tài sản có được định giá sai và liệu các ngân hàng hoặc cơ quan thuế có bị lừa dối hay không.
Mới đây, bà James đã giành được chiến thắng tại tòa án khi một thẩm phán bắt buộc ông Eric Trump, người đồng điều hành các hoạt động hàng ngày của Trump Organization, phải giải trình và yêu cầu luật sư thuế của ông Trump chuyển giao một loạt tài liệu.
3. Vụ kiện tại bang Georgia
Văn phòng Tổng thư ký bang Georgia Brad Raffensperger đang điều tra ông Trump vì nỗ lực lật ngược kết quả bầu cử của ông tại bang này.
Sau khi ông Trump thất cử, ông Raffensperger là quan chức cấp bang bị ông Trump công kích nhiều nhất. Khi ông Trump công khai gia tăng áp lực và căng thẳng, quan chức bầu cử hàng đầu của bang Georgia nói rằng ông vẫn ủng hộ cựu tổng thống và nhiều lần tuyên bố ông mong ông Trump thắng cuộc.
Nhưng dù bày tỏ thất vọng về kết quả cuối cùng, ông Raffensperger vẫn từ chối thừa nhận các thuyết âm mưu mà cựu tổng thống theo đuổi về việc có gian lận bầu cử ở Georgia. Sau cuộc bạo loạn ở điện Capitol, quan chức đảng Cộng hòa này càng chỉ trích hành động của ông Trump.
Cuộc điều tra của ông Raffensperger là cuộc điều tra hiếm hoi được tiến hành bởi 1 thành viên của đảng Cộng hòa và còn kỳ lạ hơn khi ông Raffensperger là nhân chứng trực tiếp.

Một nguồn tin tiết lộ với đài CNN rằng các quan chức ở Georgia đang điều tra hai cuộc điện thoại. Một cuộc vào tháng 1, trong đó ông Trump thúc ép ông Raffensperger ""tìm"" các phiếu bầu để đảo ngược kết quả bầu cử sau khi ông thua đối thủ Joe Biden.
Một cuộc khác được ông Trump thực hiện ngày 23-12 với một quan chức ở Georgia dẫn dầu điều tra về cáo buộc gian lận phiếu bầu ở hạt Cobb. Ông Trump đã yêu cầu điều tra viên trưởng của văn phòng Raffensperger ""tìm ra gian lận"" và nói rằng ông này sẽ là ""người hùng của đất nước"".
4. Bang Georgia đào sâu nghi vấn can thiệp bầu cử
Ngoài cuộc điều tra của văn phòng ông Raffensperger, công tố viên hạt Fulton của bang Georgia là Fani Willis đang điều tra cuộc gọi của ông Trump cho tổng thư ký bang Georgia để tìm cách làm thay đổi kết quả bầu cử về hướng có lợi cho ông.
Khi cuộc gọi đó diễn ra vào ngày 2-1, bà Willis chỉ mới nhậm chức được một ngày. Đến đầu tháng 2, văn phòng của bà bắt đầu gửi thư cho các quan chức Georgia yêu cầu họ bảo quản các tài liệu liên quan đến nỗ lực làm ảnh hưởng kết quả bầu cử của bang khi bà điều tra các tội danh tiềm tàng bao gồm xúi giục gian lận bầu cử. Theo các bức thư, không ai trong số các quan chức Georgia là mục tiêu của cuộc điều tra.
5. Cuộc điều tra ở thủ đô Washington DC
Ông Karl Racine, chưởng lý của Washington DC, đã kiện ông Trump về cáo buộc mâu thuẫn giữa lợi ích kinh doanh của cựu tổng thống và lời tuyên thệ nhậm chức của ông. Vụ kiện đã được đưa ra tranh luận khi ông Trump hết nhiệm kỳ.
Ngoài ra, ông Racine cho biết ông đang tập trung vào cáo buộc kích động bạo lực liên quan đến vụ bạo loạn ở Điện Capitol hôm 6-1 theo bộ luật của Washington DC nhưng án phạt cao nhất cho tội danh này chỉ là 6 tháng tù. Tuy vậy, các chuyên gia pháp lý lưu ý rằng ông Racine không có quyền buộc ông Trump trở lại Washington để hầu tòa.”",Donald Trump
