text,classification
Danh sách ứng cử viên đại biểu quốc hội khoá XV,thời sự
Số ca nhiễm trong nước vượt 2000,thời sự
Hà Nội cách ly tòa Park 9 khu đô thị Times City,thời sự
Điều kiện nào cho phép F1 có thể cách ly tại nhà,thời sự
Tiêu hủy gần 1.000 con lợn nhập khẩu,thời sự
Hai anh em tử vong dưới hố công trình,thời sự
Hà Nội lập chốt kiểm soát Covid-19,thời sự
Hải Dương lấy mẫu xét nghiệm cho hơn 39.000 người,thời sự
Ngày đầu quán ăn nhỏ ở Sài Gòn chỉ bán mang đi,thời sự
Bệnh gout nặng có thể thuyên giảm nhờ cách sau,thời sự
Bầu cử sớm trong vùng cách ly,thời sự
Bình Dương có thu nhập bình quân đầu người cao nhất cả nước hơn cả TP.HCM và Hà Nội,thời sự
Cần tăng thu nhập cho người dân,thời sự
Chỉ tiêu tăng trưởng năm 2021 là 6% GDP bình quân đầu người 3.700 USD,thời sự
Phát hiện nhiều container hàng quá cảnh vi phạm từ chứa ma túy đến hàng giả,thời sự
Xoài chín đầy cây vẫn không hái vì có hái cũng không biết bán đi đâu,thời sự
Masan xây dựng hệ sinh thái tiêu dùng - bán lẻ,thời sự
Cảnh báo mạo danh tin nhắn của Vietcombank chiếm đoạt tiền của khách,thời sự
Yêu cầu thu hồi tiền thuê đất tại dự án ngàn tỉ chết yểu,thời sự
Tiền số - Cuộc chơi không dành cho người yếu tim,thời sự
Chủ tịch SSI Chứng khoán năm nay tốt hơn năm ngoái,thời sự
Elon Musk cân nhắc xây dựng nhà máy Tesla ở Nga,thời sự
Giá vàng tăng liên tiếp 3 tuần,thời sự
Agribank miễn 100% phí dịch vụ chuyển tiền trong nước,thời sự
S&P nâng triển vọng kinh tế Việt Nam lên tích cực,thời sự
5 lời khuyên về đầu tư cho người mới bắt đầu,thời sự
Cao su Phước Hòa chia cổ tức kỷ lục,thời sự
Griezmann lập siêu phẩm ở vòng cuối,thể thao
Lewandowski lập kỷ lục ghi bàn trong một mùa Bundesliga,thể thao
Suarez: 'Barca không coi trọng tôi',thể thao
Real lần đầu trắng tay sau 11 năm,thể thao
Real bất lực dù thắng vòng cuối,thể thao
Atletico Madrid vô địch La Liga,thể thao
PGA Championship cắt loại như thế nào?,thể thao
HLV Nishino tiếc khi học trò bỏ rơi tuyển Thái Lan,thể thao
Mbappe có thể đã đạt thỏa thuận với Real,thể thao
Klopp: 'Man City khó vô địch nếu mất nhiều quân như Liverpool',thể thao
Kane: 'Mourinho thất bại vì Tottenham thiếu thủ lĩnh',thể thao
Nữ võ sĩ taekwondo Trương Thị Kim Tuyền giành vé đến Olympic Tokyo 2021,thể thao
HLV Nishino tiếc khi học trò bỏ rơi tuyển Thái Lan,thể thao
Messi Tôi thích thức dậy cùng các con,thể thao
Real 2 - 1 Villarreal hiệp 2 Modric ghi bàn,thể thao
Bí quyết đạt điểm 9-10 môn Sinh trong kỳ thi tốt nghiệp THPT,giáo dục
Học phí các trường quốc tế ở Hà Nội năm học 2021-2022,giáo dục
Đừng học thuộc lòng nếu muốn điểm cao môn Sinh,giáo dục
Phương pháp hệ thống lý thuyết hóa hữu cơ,giáo dục
Sinh viên nhận song bằng tại trường Cao đẳng Hoa Sen,giáo dục
Chiến lược giải đề Vật lý tốt nghiệp THPT,giáo dục
Top 5 nhóm ngành có nhiều thí sinh đăng ký nguyện vọng 1,giáo dục
Lập kế hoạch ôn thi Vật lý để đạt điểm cao,giáo dục
Hơn 790.000 thí sinh đăng ký xét tuyển đại học,giáo dục
Thêm trường THPT chuyên hoãn thi vào lớp 10,giáo dục
Lưu ý khi ôn tập hình học giải tích trong không gian,giáo dục
Tuyển 200 học sinh lớp 6 vào trường chuyên Hà Nội - Amsterdam,giáo dục
Nữ sinh mê game giành học bổng 6.8 tỷ đồng,giáo dục
Học bổng đến 40.000 USD từ các trường THPT nội trú Mỹ,giáo dục
Ba thách thức khi du học Mỹ từ bậc THPT,giáo dục
Nữ sinh giành học bổng 7 tỷ đồng từ đại học hàng đầu ở Mỹ,giáo dục